id,sample,period,temp,nitrate,rep,model,Var2,r,K,s,NA,tiempo en dias desde el inicio del exp,,,numero de GR,
31 5 1 1,31 5 1,1,31,5,1,mexp.22,Estimate,0.878674345,NA,-5.198671893,NA,3,,,328,para 5
31 5 1 10,31 5 1,2,31,5,1,mexp.22,Estimate,1.060471696,NA,-5.363195607,NA,6,,,332,para L1
31 5 1 11,31 5 1,3,31,5,1,mexp.22,Estimate,1.105033979,NA,-5.793737333,NA,9,,,,
31 5 1 12,31 5 1,4,31,5,1,mexp.22,Estimate,0.62217199,NA,-15.92297176,NA,12,,,,
31 5 1 14,31 5 1,5,31,5,1,mexp.22,Estimate,0.876874041,NA,-5.564953454,NA,15,,,,
31 5 1 15,31 5 1,6,31,5,1,mexp.22,Estimate,0.688823783,NA,-4.678639787,NA,18,,,,
31 5 1 16,31 5 1,7,31,5,1,mexp.22,Estimate,0.894532031,NA,-5.817996054,NA,21,,,,
31 5 1 17,31 5 1,8,31,5,1,mexp.22,Estimate,0.967330726,NA,-5.205514595,NA,24,,,,
31 5 1 18,31 5 1,9,31,5,1,mexp.22,Estimate,0.928512576,NA,-4.92811347,NA,27,,,,
31 5 1 19,31 5 1,10,31,5,1,mexp.22,Estimate,1.032478679,NA,-5.400224619,NA,30,,,,
31 5 1 2,31 5 1,11,31,5,1,mexp.22,Estimate,1.007371138,NA,-5.587002947,NA,33,,,,
31 5 1 20,31 5 1,12,31,5,1,mexp.22,Estimate,0.985381253,NA,-6.525104569,NA,36,,,,
31 5 1 21,31 5 1,14,31,5,1,mexp.22,Estimate,0.273705853,NA,-6.674248543,NA,42,,,,
31 5 1 23,31 5 1,16,31,5,1,mexp.22,Estimate,0.600849421,NA,-4.524988606,NA,48,,,,
31 5 1 24,31 5 1,17,31,5,1,mexp.22,Estimate,0.893028318,NA,-4.984119674,NA,51,,,,
31 5 1 25,31 5 1,18,31,5,1,mexp.22,Estimate,1.248464112,NA,-16.32124035,NA,54,,,,
31 5 1 26,31 5 1,19,31,5,1,mexp.22,Estimate,0.645174712,NA,-4.908017983,NA,57,,,,
31 5 1 27,31 5 1,20,31,5,1,mexp.22,Estimate,1.061761896,NA,-5.416403553,NA,60,,,,
31 5 1 28,31 5 1,21,31,5,1,mexp.22,Estimate,0.775332501,NA,-4.805104436,NA,63,,,,
31 5 1 29,31 5 1,22,31,5,1,mexp.22,Estimate,0.782404108,NA,-15.93433462,NA,66,,,,
31 5 1 3,31 5 1,23,31,5,1,mexp.22,Estimate,0.699698116,NA,-5.269098742,NA,69,,,,
31 5 1 30,31 5 1,24,31,5,1,mexp.22,Estimate,0.614055366,NA,-5.04112303,NA,72,,,,
31 5 1 31,31 5 1,25,31,5,1,mexp.22,Estimate,0.319544317,NA,-16.18303584,NA,75,,,,
31 5 1 32,31 5 1,26,31,5,1,mexp.22,Estimate,0.880617911,NA,-7.843769847,NA,78,,,,
31 5 1 33,31 5 1,27,31,5,1,mexp.22,Estimate,0.653432242,NA,-18.53246564,NA,81,,,,
31 5 1 34,31 5 1,28,31,5,1,mexp.22,Estimate,0.567516726,NA,-4.674116298,NA,84,,,,
31 5 1 35,31 5 1,29,31,5,1,mexp.22,Estimate,0.195519574,NA,-18.35432097,NA,87,,,,
31 5 1 36,31 5 1,30,31,5,1,mexp.22,Estimate,0.550912942,NA,-16.12446155,NA,90,,,,
31 5 1 37,31 5 1,31,31,5,1,mexp.22,Estimate,0.517204209,NA,-5.10652358,NA,93,,,,
31 5 1 38,31 5 1,32,31,5,1,mexp.22,Estimate,0.411908687,NA,-17.35407851,NA,96,,,,
31 5 1 39,31 5 1,33,31,5,1,mexp.22,Estimate,0.346855105,NA,-4.522050204,NA,99,,,,
31 5 1 4,31 5 1,34,31,5,1,mexp.22,Estimate,0.528755892,NA,-19.0833889,NA,102,,,,
31 5 1 40,31 5 1,35,31,5,1,mexp.22,Estimate,0.369579304,NA,-5.000576523,NA,105,,,,
31 5 1 41,31 5 1,36,31,5,1,mexp.22,Estimate,0.213698422,NA,-19.97740865,NA,108,,,,
31 5 1 42,31 5 1,37,31,5,1,mexp.22,Estimate,0.229810491,NA,-4.462277155,NA,111,,,,
31 5 1 43,31 5 1,38,31,5,1,mexp.22,Estimate,0.280895472,NA,-17.91165202,NA,114,,,,
31 5 1 44,31 5 1,39,31,5,1,mexp.22,Estimate,0.616842984,NA,-19.62262581,NA,117,,,,
31 5 1 45,31 5 1,40,31,5,1,mexp.22,Estimate,0.448223352,NA,-4.407582474,NA,120,,,,
31 5 1 46,31 5 1,41,31,5,1,mexp.22,Estimate,0.759908189,NA,-5.165793919,NA,123,,,,
31 5 1 47,31 5 1,42,31,5,1,mexp.22,Estimate,0.423192001,NA,-5.710922785,NA,126,,,,
31 5 1 48,31 5 1,43,31,5,1,mexp.22,Estimate,0.446641845,NA,-5.179437958,NA,129,,,,
31 5 1 49,31 5 1,44,31,5,1,mexp.22,Estimate,0.62209386,NA,-4.735233455,NA,132,,,,
31 5 1 5,31 5 1,45,31,5,1,mexp.22,Estimate,0.514604863,NA,-5.463969938,NA,135,,,,
31 5 1 50,31 5 1,46,31,5,1,mexp.22,Estimate,0.501941332,NA,-5.72178946,NA,138,,,,
31 5 1 51,31 5 1,47,31,5,1,mexp.22,Estimate,0.634711826,NA,-6.480730551,NA,141,,,,
31 5 1 52,31 5 1,48,31,5,1,mexp.22,Estimate,0.395613885,NA,-4.796930821,NA,144,,,,
31 5 1 53,31 5 1,49,31,5,1,mexp.22,Estimate,0.448802242,NA,-5.916053081,NA,147,,,,
31 5 1 54,31 5 1,50,31,5,1,mexp.22,Estimate,0.396989411,NA,-5.219085938,NA,150,,,,
31 5 1 55,31 5 1,51,31,5,1,mexp.22,Estimate,0.370377141,NA,-10.34567409,NA,153,,,,
31 5 1 56,31 5 1,52,31,5,1,mexp.22,Estimate,0.51956023,NA,-5.216598626,NA,156,,,,
31 5 1 57,31 5 1,53,31,5,1,mexp.22,Estimate,0.600103235,NA,-4.983131452,NA,159,,,,
31 5 1 58,31 5 1,54,31,5,1,mexp.22,Estimate,0.498964564,NA,-4.838678977,NA,162,,,,
31 5 1 59,31 5 1,55,31,5,1,mexp.22,Estimate,0.404134363,NA,-16.58383955,NA,165,,,,
31 5 1 6,31 5 1,56,31,5,1,mexp.22,Estimate,0.605531605,NA,-5.960768179,NA,168,,,,
31 5 1 60,31 5 1,57,31,5,1,mexp.22,Estimate,2.596217205,NA,-19.97197113,NA,171,,,,
31 5 1 61,31 5 1,58,31,5,1,mexp.22,Estimate,0.714616392,NA,-5.520928602,NA,174,,,,
31 5 1 62,31 5 1,59,31,5,1,mexp.22,Estimate,0.866911572,NA,-13.58817792,NA,177,,,,
31 5 1 63,31 5 1,60,31,5,1,mexp.22,Estimate,0.430972432,NA,-7.156158424,NA,180,,,,
31 5 1 64,31 5 1,61,31,5,1,mexp.22,Estimate,0.343631064,NA,-18.37830716,NA,183,,,,
31 5 1 65,31 5 1,62,31,5,1,mexp.22,Estimate,0.232605007,NA,-15.93275933,NA,186,,,,
31 5 1 66,31 5 1,63,31,5,1,mexp.22,Estimate,0.319020773,NA,-18.85565221,NA,189,,,,
31 5 1 67,31 5 1,64,31,5,1,mexp.22,Estimate,0.417648248,NA,-5.300345857,NA,192,,,,
31 5 1 68,31 5 1,65,31,5,1,mexp.22,Estimate,0.872189268,NA,-6.502273799,NA,195,,,,
31 5 1 69,31 5 1,66,31,5,1,mexp.22,Estimate,0.487558242,NA,-4.714470965,NA,198,,,,
31 5 1 7,31 5 1,67,31,5,1,mexp.22,Estimate,0.251899881,NA,-4.165954028,NA,201,,,,
31 5 1 70,31 5 1,68,31,5,1,mexp.22,Estimate,1.916939947,NA,-5.691883022,NA,204,,,,
31 5 1 71,31 5 1,69,31,5,1,mexp.22,Estimate,0.524821997,NA,-4.669240864,NA,207,,,,
31 5 1 72,31 5 1,70,31,5,1,mexp.22,Estimate,0.597943973,NA,-6.651271227,NA,210,,,,
31 5 1 73,31 5 1,71,31,5,1,mexp.22,Estimate,0.697652652,NA,-5.067013292,NA,213,,,,
31 5 1 74,31 5 1,72,31,5,1,mexp.22,Estimate,0.588032811,NA,-5.195302173,NA,216,,,,
31 5 1 75,31 5 1,73,31,5,1,mexp.22,Estimate,0.331755661,NA,-6.220378804,NA,219,,,,
31 5 1 76,31 5 1,74,31,5,1,mexp.22,Estimate,0.519422626,NA,-5.933312488,NA,222,,,,
31 5 1 77,31 5 1,75,31,5,1,mexp.22,Estimate,0.509919087,NA,-16.65778548,NA,225,,,,
31 5 1 78,31 5 1,76,31,5,1,mexp.22,Estimate,0.752063106,NA,-6.506118701,NA,228,,,,
31 5 1 79,31 5 1,77,31,5,1,mexp.22,Estimate,0.690893872,NA,-5.966354699,NA,231,,,,
31 5 1 8,31 5 1,78,31,5,1,mexp.22,Estimate,0.758514422,NA,-8.203051054,NA,234,,,,
31 5 1 80,31 5 1,79,31,5,1,mexp.22,Estimate,0.668745911,NA,-5.964533089,NA,237,,,,
31 5 1 81,31 5 1,80,31,5,1,mexp.22,Estimate,0.991025103,NA,-5.581719978,NA,240,,,,
31 5 1 82,31 5 1,81,31,5,1,mexp.22,Estimate,0.975775239,NA,-5.381151988,NA,243,,,,
31 5 1 83,31 5 1,82,31,5,1,mexp.22,Estimate,1.345470512,NA,-5.468048783,NA,246,,,,
31 5 1 84,31 5 1,83,31,5,1,mexp.22,Estimate,0.301883832,NA,-5.072421174,NA,249,,,,
31 5 1 9,31 5 1,84,31,5,1,mexp.22,Estimate,0.789775236,NA,-6.845439172,NA,252,,,,
31 5 2 1,31 5 2,1,31,5,2,mexp.22,Estimate,0.940400911,NA,-5.049372247,NA,3,,,,
31 5 2 10,31 5 2,2,31,5,2,mexp.22,Estimate,0.841602937,NA,-5.947407662,NA,6,,,,
31 5 2 11,31 5 2,3,31,5,2,mexp.22,Estimate,0.985787282,NA,-5.262495132,NA,9,,,,
31 5 2 12,31 5 2,4,31,5,2,mexp.22,Estimate,0.838911139,NA,-15.84542488,NA,12,,,,
31 5 2 14,31 5 2,5,31,5,2,mexp.22,Estimate,0.717172552,NA,-4.299657268,NA,15,,,,
31 5 2 15,31 5 2,6,31,5,2,mexp.22,Estimate,0.721499205,NA,-4.526853684,NA,18,,,,
31 5 2 16,31 5 2,7,31,5,2,mexp.22,Estimate,0.965755808,NA,-6.55445445,NA,21,,,,
31 5 2 17,31 5 2,8,31,5,2,mexp.22,Estimate,0.969294217,NA,-5.521456746,NA,24,,,,
31 5 2 18,31 5 2,9,31,5,2,mexp.22,Estimate,0.811372269,NA,-4.410802317,NA,27,,,,
31 5 2 19,31 5 2,10,31,5,2,mexp.22,Estimate,0.831948231,NA,-5.648919273,NA,30,,,,
31 5 2 2,31 5 2,11,31,5,2,mexp.22,Estimate,1.148200688,NA,-5.824250809,NA,33,,,,
31 5 2 20,31 5 2,12,31,5,2,mexp.22,Estimate,0.938236988,NA,-5.764536996,NA,36,,,,
31 5 2 21,31 5 2,14,31,5,2,mexp.22,Estimate,0.916816866,NA,-4.53560274,NA,42,,,,
31 5 2 22,31 5 2,15,31,5,2,mexp.22,Estimate,3.00936935,NA,-20.16656891,NA,45,,,,
31 5 2 23,31 5 2,16,31,5,2,mexp.22,Estimate,0.551618454,NA,-4.254637317,NA,48,,,,
31 5 2 24,31 5 2,17,31,5,2,mexp.22,Estimate,0.756715501,NA,-4.787872299,NA,51,,,,
31 5 2 25,31 5 2,18,31,5,2,mexp.22,Estimate,0.932628,NA,-16.94162089,NA,54,,,,
31 5 2 26,31 5 2,19,31,5,2,mexp.22,Estimate,0.946686952,NA,-9.961835129,NA,57,,,,
31 5 2 27,31 5 2,20,31,5,2,mexp.22,Estimate,0.771074675,NA,-5.110766485,NA,60,,,,
31 5 2 28,31 5 2,21,31,5,2,mexp.22,Estimate,0.667652438,NA,-4.761815534,NA,63,,,,
31 5 2 29,31 5 2,22,31,5,2,mexp.22,Estimate,0.737351806,NA,-19.11025624,NA,66,,,,
31 5 2 3,31 5 2,23,31,5,2,mexp.22,Estimate,0.70584361,NA,-5.348409479,NA,69,,,,
31 5 2 30,31 5 2,24,31,5,2,mexp.22,Estimate,0.606031481,NA,-5.184878524,NA,72,,,,
31 5 2 31,31 5 2,25,31,5,2,mexp.22,Estimate,0.540559086,NA,-16.53945212,NA,75,,,,
31 5 2 32,31 5 2,26,31,5,2,mexp.22,Estimate,1.022106997,NA,-5.619842535,NA,78,,,,
31 5 2 33,31 5 2,27,31,5,2,mexp.22,Estimate,0.5465878,NA,-18.40819067,NA,81,,,,
31 5 2 34,31 5 2,28,31,5,2,mexp.22,Estimate,0.504755911,NA,-4.555294797,NA,84,,,,
31 5 2 36,31 5 2,30,31,5,2,mexp.22,Estimate,0.468035241,NA,-17.12685114,NA,90,,,,
31 5 2 37,31 5 2,31,31,5,2,mexp.22,Estimate,0.484699975,NA,-5.10131217,NA,93,,,,
31 5 2 38,31 5 2,32,31,5,2,mexp.22,Estimate,0.419881176,NA,-16.94450504,NA,96,,,,
31 5 2 39,31 5 2,33,31,5,2,mexp.22,Estimate,0.30229095,NA,-4.219145561,NA,99,,,,
31 5 2 4,31 5 2,34,31,5,2,mexp.22,Estimate,0.516202481,NA,-18.76144104,NA,102,,,,
31 5 2 40,31 5 2,35,31,5,2,mexp.22,Estimate,0.40139634,NA,-4.860639248,NA,105,,,,
31 5 2 41,31 5 2,36,31,5,2,mexp.22,Estimate,0.105491449,NA,-18.05727711,NA,108,,,,
31 5 2 42,31 5 2,37,31,5,2,mexp.22,Estimate,0.367479733,NA,-5.027338773,NA,111,,,,
31 5 2 43,31 5 2,38,31,5,2,mexp.22,Estimate,0.245005099,NA,-22.68499131,NA,114,,,,
31 5 2 44,31 5 2,39,31,5,2,mexp.22,Estimate,0.417049212,NA,-16.55566294,NA,117,,,,
31 5 2 45,31 5 2,40,31,5,2,mexp.22,Estimate,0.233591041,NA,-4.132927715,NA,120,,,,
31 5 2 46,31 5 2,41,31,5,2,mexp.22,Estimate,0.77291867,NA,-5.481236918,NA,123,,,,
31 5 2 47,31 5 2,42,31,5,2,mexp.22,Estimate,0.417585326,NA,-5.033071064,NA,126,,,,
31 5 2 48,31 5 2,43,31,5,2,mexp.22,Estimate,0.506426439,NA,-4.969571899,NA,129,,,,
31 5 2 49,31 5 2,44,31,5,2,mexp.22,Estimate,0.539157289,NA,-4.297558036,NA,132,,,,
31 5 2 5,31 5 2,45,31,5,2,mexp.22,Estimate,0.452134399,NA,-5.641299104,NA,135,,,,
31 5 2 50,31 5 2,46,31,5,2,mexp.22,Estimate,0.64735435,NA,-6.211005192,NA,138,,,,
31 5 2 51,31 5 2,47,31,5,2,mexp.22,Estimate,0.561095791,NA,-5.781303817,NA,141,,,,
31 5 2 52,31 5 2,48,31,5,2,mexp.22,Estimate,0.535686726,NA,-5.481367041,NA,144,,,,
31 5 2 53,31 5 2,49,31,5,2,mexp.22,Estimate,0.408205243,NA,-5.452098872,NA,147,,,,
31 5 2 54,31 5 2,50,31,5,2,mexp.22,Estimate,0.452117679,NA,-6.397836849,NA,150,,,,
31 5 2 55,31 5 2,51,31,5,2,mexp.22,Estimate,0.580426011,NA,-5.505701202,NA,153,,,,
31 5 2 56,31 5 2,52,31,5,2,mexp.22,Estimate,0.527726727,NA,-6.08725715,NA,156,,,,
31 5 2 57,31 5 2,53,31,5,2,mexp.22,Estimate,0.567569768,NA,-5.074579486,NA,159,,,,
31 5 2 58,31 5 2,54,31,5,2,mexp.22,Estimate,0.346487611,NA,-5.013284112,NA,162,,,,
31 5 2 59,31 5 2,55,31,5,2,mexp.22,Estimate,0.517360065,NA,-16.64399544,NA,165,,,,
31 5 2 6,31 5 2,56,31,5,2,mexp.22,Estimate,0.345232473,NA,-5.59306606,NA,168,,,,
31 5 2 60,31 5 2,57,31,5,2,mexp.22,Estimate,2.777087625,NA,-19.31359689,NA,171,,,,
31 5 2 61,31 5 2,58,31,5,2,mexp.22,Estimate,0.425940966,NA,-4.95276884,NA,174,,,,
31 5 2 62,31 5 2,59,31,5,2,mexp.22,Estimate,0.785768166,NA,-17.26426442,NA,177,,,,
31 5 2 63,31 5 2,60,31,5,2,mexp.22,Estimate,0.485069379,NA,-6.920680122,NA,180,,,,
31 5 2 64,31 5 2,61,31,5,2,mexp.22,Estimate,0.403050921,NA,-17.18332135,NA,183,,,,
31 5 2 65,31 5 2,62,31,5,2,mexp.22,Estimate,0.455399873,NA,-15.11758688,NA,186,,,,
31 5 2 66,31 5 2,63,31,5,2,mexp.22,Estimate,0.375548352,NA,-17.89082602,NA,189,,,,
31 5 2 67,31 5 2,64,31,5,2,mexp.22,Estimate,0.390584029,NA,-5.364773879,NA,192,,,,
31 5 2 68,31 5 2,65,31,5,2,mexp.22,Estimate,0.596964915,NA,-6.681444427,NA,195,,,,
31 5 2 69,31 5 2,66,31,5,2,mexp.22,Estimate,0.274387024,NA,-4.41196389,NA,198,,,,
31 5 2 7,31 5 2,67,31,5,2,mexp.22,Estimate,0.505588681,NA,-6.18297441,NA,201,,,,
31 5 2 70,31 5 2,68,31,5,2,mexp.22,Estimate,1.206552861,NA,-7.222064646,NA,204,,,,
31 5 2 71,31 5 2,69,31,5,2,mexp.22,Estimate,0.59462655,NA,-4.622953951,NA,207,,,,
31 5 2 72,31 5 2,70,31,5,2,mexp.22,Estimate,1.268331019,NA,-5.877290634,NA,210,,,,
31 5 2 73,31 5 2,71,31,5,2,mexp.22,Estimate,0.642573397,NA,-5.222326116,NA,213,,,,
31 5 2 74,31 5 2,72,31,5,2,mexp.22,Estimate,0.655363386,NA,-5.541042656,NA,216,,,,
31 5 2 75,31 5 2,73,31,5,2,mexp.22,Estimate,0.41742475,NA,-9.012386139,NA,219,,,,
31 5 2 76,31 5 2,74,31,5,2,mexp.22,Estimate,0.600269386,NA,-7.082553506,NA,222,,,,
31 5 2 77,31 5 2,75,31,5,2,mexp.22,Estimate,0.475621861,NA,-17.16507615,NA,225,,,,
31 5 2 78,31 5 2,76,31,5,2,mexp.22,Estimate,0.580263434,NA,-5.016243489,NA,228,,,,
31 5 2 79,31 5 2,77,31,5,2,mexp.22,Estimate,0.816633011,NA,-6.690354958,NA,231,,,,
31 5 2 8,31 5 2,78,31,5,2,mexp.22,Estimate,0.927037465,NA,-7.049490751,NA,234,,,,
31 5 2 80,31 5 2,79,31,5,2,mexp.22,Estimate,0.636069805,NA,-6.670483153,NA,237,,,,
31 5 2 81,31 5 2,80,31,5,2,mexp.22,Estimate,0.454339313,NA,-5.39274758,NA,240,,,,
31 5 2 82,31 5 2,81,31,5,2,mexp.22,Estimate,1.932333719,NA,-7.048419825,NA,243,,,,
31 5 2 83,31 5 2,82,31,5,2,mexp.22,Estimate,1.752343968,NA,-6.195006171,NA,246,,,,
31 5 2 84,31 5 2,83,31,5,2,mexp.22,Estimate,0.502546811,NA,-5.48002322,NA,249,,,,
31 5 2 9,31 5 2,84,31,5,2,mexp.22,Estimate,0.559517822,NA,-5.834983504,NA,252,,,,
31 5 3 1,31 5 3,1,31,5,3,mexp.22,Estimate,1.14109835,NA,-7.761015933,NA,3,,,,
31 5 3 10,31 5 3,2,31,5,3,mexp.22,Estimate,0.824321649,NA,-6.157890154,NA,6,,,,
31 5 3 11,31 5 3,3,31,5,3,mexp.22,Estimate,1.195382549,NA,-5.750059877,NA,9,,,,
31 5 3 12,31 5 3,4,31,5,3,mexp.22,Estimate,0.620308554,NA,-16.14347349,NA,12,,,,
31 5 3 14,31 5 3,5,31,5,3,mexp.22,Estimate,0.80897974,NA,-4.498970258,NA,15,,,,
31 5 3 15,31 5 3,6,31,5,3,mexp.22,Estimate,0.806473137,NA,-4.683559598,NA,18,,,,
31 5 3 16,31 5 3,7,31,5,3,mexp.22,Estimate,0.927601382,NA,-5.358749266,NA,21,,,,
31 5 3 17,31 5 3,8,31,5,3,mexp.22,Estimate,1.122109331,NA,-8.783303972,NA,24,,,,
31 5 3 18,31 5 3,9,31,5,3,mexp.22,Estimate,0.763915712,NA,-4.721695425,NA,27,,,,
31 5 3 19,31 5 3,10,31,5,3,mexp.22,Estimate,0.934914885,NA,-5.332849644,NA,30,,,,
31 5 3 2,31 5 3,11,31,5,3,mexp.22,Estimate,1.064220087,NA,-6.328794138,NA,33,,,,
31 5 3 20,31 5 3,12,31,5,3,mexp.22,Estimate,1.008844067,NA,-6.966964529,NA,36,,,,
31 5 3 21,31 5 3,14,31,5,3,mexp.22,Estimate,0.605464765,NA,-4.380010447,NA,42,,,,
31 5 3 22,31 5 3,15,31,5,3,mexp.22,Estimate,0.682155801,NA,-19.05661976,NA,45,,,,
31 5 3 23,31 5 3,16,31,5,3,mexp.22,Estimate,0.774631306,NA,-4.656529945,NA,48,,,,
31 5 3 24,31 5 3,17,31,5,3,mexp.22,Estimate,0.907861712,NA,-5.517018988,NA,51,,,,
31 5 3 25,31 5 3,18,31,5,3,mexp.22,Estimate,0.925935687,NA,-16.7270427,NA,54,,,,
31 5 3 26,31 5 3,19,31,5,3,mexp.22,Estimate,0.821757977,NA,-6.265550076,NA,57,,,,
31 5 3 27,31 5 3,20,31,5,3,mexp.22,Estimate,0.674481275,NA,-4.726157091,NA,60,,,,
31 5 3 28,31 5 3,21,31,5,3,mexp.22,Estimate,0.65054965,NA,-4.455446796,NA,63,,,,
31 5 3 29,31 5 3,22,31,5,3,mexp.22,Estimate,0.686524369,NA,-17.17394611,NA,66,,,,
31 5 3 3,31 5 3,23,31,5,3,mexp.22,Estimate,0.484451389,NA,-5.360904266,NA,69,,,,
31 5 3 30,31 5 3,24,31,5,3,mexp.22,Estimate,0.691340624,NA,-5.439769484,NA,72,,,,
31 5 3 31,31 5 3,25,31,5,3,mexp.22,Estimate,0.434125635,NA,-15.85651243,NA,75,,,,
31 5 3 32,31 5 3,26,31,5,3,mexp.22,Estimate,0.929605901,NA,-5.641082612,NA,78,,,,
31 5 3 33,31 5 3,27,31,5,3,mexp.22,Estimate,0.650893613,NA,-17.30149314,NA,81,,,,
31 5 3 34,31 5 3,28,31,5,3,mexp.22,Estimate,0.481368762,NA,-4.686938142,NA,84,,,,
31 5 3 35,31 5 3,29,31,5,3,mexp.22,Estimate,0.070119438,NA,-20.77315866,NA,87,,,,
31 5 3 36,31 5 3,30,31,5,3,mexp.22,Estimate,0.428496764,NA,-16.99061229,NA,90,,,,
31 5 3 37,31 5 3,31,31,5,3,mexp.22,Estimate,0.463808932,NA,-5.082620415,NA,93,,,,
31 5 3 38,31 5 3,32,31,5,3,mexp.22,Estimate,0.480870754,NA,-16.02333505,NA,96,,,,
31 5 3 39,31 5 3,33,31,5,3,mexp.22,Estimate,0.326038331,NA,-4.271992086,NA,99,,,,
31 5 3 4,31 5 3,34,31,5,3,mexp.22,Estimate,0.474951015,NA,-19.52268387,NA,102,,,,
31 5 3 40,31 5 3,35,31,5,3,mexp.22,Estimate,0.419730451,NA,-4.637395235,NA,105,,,,
31 5 3 42,31 5 3,37,31,5,3,mexp.22,Estimate,0.401884929,NA,-4.618899292,NA,111,,,,
31 5 3 43,31 5 3,38,31,5,3,mexp.22,Estimate,0.209570378,NA,-19.662184,NA,114,,,,
31 5 3 44,31 5 3,39,31,5,3,mexp.22,Estimate,0.435752217,NA,-16.23552507,NA,117,,,,
31 5 3 45,31 5 3,40,31,5,3,mexp.22,Estimate,0.373606667,NA,-4.348185529,NA,120,,,,
31 5 3 46,31 5 3,41,31,5,3,mexp.22,Estimate,0.806802189,NA,-6.108810639,NA,123,,,,
31 5 3 47,31 5 3,42,31,5,3,mexp.22,Estimate,0.427335653,NA,-5.345417813,NA,126,,,,
31 5 3 48,31 5 3,43,31,5,3,mexp.22,Estimate,0.826272506,NA,-5.607045286,NA,129,,,,
31 5 3 49,31 5 3,44,31,5,3,mexp.22,Estimate,0.480835873,NA,-4.396969906,NA,132,,,,
31 5 3 5,31 5 3,45,31,5,3,mexp.22,Estimate,0.518478629,NA,-5.844326283,NA,135,,,,
31 5 3 50,31 5 3,46,31,5,3,mexp.22,Estimate,0.498822046,NA,-5.821539556,NA,138,,,,
31 5 3 51,31 5 3,47,31,5,3,mexp.22,Estimate,0.408335429,NA,-5.332667682,NA,141,,,,
31 5 3 52,31 5 3,48,31,5,3,mexp.22,Estimate,0.728388144,NA,-6.398110677,NA,144,,,,
31 5 3 53,31 5 3,49,31,5,3,mexp.22,Estimate,0.34022597,NA,-5.298671725,NA,147,,,,
31 5 3 54,31 5 3,50,31,5,3,mexp.22,Estimate,0.494872126,NA,-5.651031828,NA,150,,,,
31 5 3 55,31 5 3,51,31,5,3,mexp.22,Estimate,0.343388124,NA,-6.114941117,NA,153,,,,
31 5 3 56,31 5 3,52,31,5,3,mexp.22,Estimate,0.438891659,NA,-5.385305475,NA,156,,,,
31 5 3 57,31 5 3,53,31,5,3,mexp.22,Estimate,0.465543242,NA,-5.391836232,NA,159,,,,
31 5 3 58,31 5 3,54,31,5,3,mexp.22,Estimate,0.603579361,NA,-6.034101535,NA,162,,,,
31 5 3 59,31 5 3,55,31,5,3,mexp.22,Estimate,0.494910946,NA,-16.07882112,NA,165,,,,
31 5 3 6,31 5 3,56,31,5,3,mexp.22,Estimate,0.482593618,NA,-5.768446848,NA,168,,,,
31 5 3 60,31 5 3,57,31,5,3,mexp.22,Estimate,1.812425417,NA,-19.17071861,NA,171,,,,
31 5 3 61,31 5 3,58,31,5,3,mexp.22,Estimate,0.925976735,NA,-5.512490692,NA,174,,,,
31 5 3 62,31 5 3,59,31,5,3,mexp.22,Estimate,0.780690113,NA,-16.12153328,NA,177,,,,
31 5 3 63,31 5 3,60,31,5,3,mexp.22,Estimate,0.452348897,NA,-7.83117504,NA,180,,,,
31 5 3 64,31 5 3,61,31,5,3,mexp.22,Estimate,0.222897147,NA,-18.71712512,NA,183,,,,
31 5 3 65,31 5 3,62,31,5,3,mexp.22,Estimate,0.328672402,NA,-16.37446541,NA,186,,,,
31 5 3 66,31 5 3,63,31,5,3,mexp.22,Estimate,0.263314733,NA,-19.34636045,NA,189,,,,
31 5 3 67,31 5 3,64,31,5,3,mexp.22,Estimate,0.246153997,NA,-5.888885378,NA,192,,,,
31 5 3 68,31 5 3,65,31,5,3,mexp.22,Estimate,0.655751855,NA,-5.419530533,NA,195,,,,
31 5 3 69,31 5 3,66,31,5,3,mexp.22,Estimate,0.39100142,NA,-4.689389272,NA,198,,,,
31 5 3 7,31 5 3,67,31,5,3,mexp.22,Estimate,0.687196933,NA,-6.388970173,NA,201,,,,
31 5 3 70,31 5 3,68,31,5,3,mexp.22,Estimate,1.991709505,NA,-6.526873995,NA,204,,,,
31 5 3 71,31 5 3,69,31,5,3,mexp.22,Estimate,0.318522509,NA,-5.052415741,NA,207,,,,
31 5 3 72,31 5 3,70,31,5,3,mexp.22,Estimate,0.787297452,NA,-6.828790146,NA,210,,,,
31 5 3 73,31 5 3,71,31,5,3,mexp.22,Estimate,0.959270935,NA,-5.909102957,NA,213,,,,
31 5 3 74,31 5 3,72,31,5,3,mexp.22,Estimate,0.558270922,NA,-5.527364149,NA,216,,,,
31 5 3 75,31 5 3,73,31,5,3,mexp.22,Estimate,0.480057831,NA,-6.833289467,NA,219,,,,
31 5 3 76,31 5 3,74,31,5,3,mexp.22,Estimate,0.567660956,NA,-6.891220021,NA,222,,,,
31 5 3 77,31 5 3,75,31,5,3,mexp.22,Estimate,1.838179843,NA,-17.42547524,NA,225,,,,
31 5 3 78,31 5 3,76,31,5,3,mexp.22,Estimate,0.868974124,NA,-5.45206667,NA,228,,,,
31 5 3 79,31 5 3,77,31,5,3,mexp.22,Estimate,0.43366107,NA,-6.291591405,NA,231,,,,
31 5 3 8,31 5 3,78,31,5,3,mexp.22,Estimate,0.931903996,NA,-5.964593876,NA,234,,,,
31 5 3 80,31 5 3,79,31,5,3,mexp.22,Estimate,0.742414577,NA,-7.270453685,NA,237,,,,
31 5 3 81,31 5 3,80,31,5,3,mexp.22,Estimate,0.471081782,NA,-5.044052139,NA,240,,,,
31 5 3 82,31 5 3,81,31,5,3,mexp.22,Estimate,1.134511207,NA,-12.27451,NA,243,,,,
31 5 3 83,31 5 3,82,31,5,3,mexp.22,Estimate,1.984924787,NA,-5.754955477,NA,246,,,,
31 5 3 84,31 5 3,83,31,5,3,mexp.22,Estimate,1.10070575,NA,-6.909998854,NA,249,,,,
31 5 3 9,31 5 3,84,31,5,3,mexp.22,Estimate,0.761555955,NA,-5.200395926,NA,252,,,,
31 5 4 1,31 5 4,1,31,5,4,mexp.22,Estimate,0.923695115,NA,-7.041107469,NA,3,,,,
31 5 4 10,31 5 4,2,31,5,4,mexp.22,Estimate,0.704797742,NA,-5.837944759,NA,6,,,,
31 5 4 11,31 5 4,3,31,5,4,mexp.22,Estimate,1.309657548,NA,-5.468014391,NA,9,,,,
31 5 4 12,31 5 4,4,31,5,4,mexp.22,Estimate,0.901163469,NA,-16.61866814,NA,12,,,,
31 5 4 14,31 5 4,5,31,5,4,mexp.22,Estimate,0.705775836,NA,-4.461672151,NA,15,,,,
31 5 4 15,31 5 4,6,31,5,4,mexp.22,Estimate,0.798708328,NA,-4.525875673,NA,18,,,,
31 5 4 16,31 5 4,7,31,5,4,mexp.22,Estimate,0.910864901,NA,-5.259314158,NA,21,,,,
31 5 4 17,31 5 4,8,31,5,4,mexp.22,Estimate,1.047708946,NA,-8.079164667,NA,24,,,,
31 5 4 18,31 5 4,9,31,5,4,mexp.22,Estimate,0.830716354,NA,-4.577606283,NA,27,,,,
31 5 4 19,31 5 4,10,31,5,4,mexp.22,Estimate,0.902556096,NA,-5.358328802,NA,30,,,,
31 5 4 2,31 5 4,11,31,5,4,mexp.22,Estimate,1.013979443,NA,-5.446485279,NA,33,,,,
31 5 4 20,31 5 4,12,31,5,4,mexp.22,Estimate,0.955310764,NA,-5.914650042,NA,36,,,,
31 5 4 21,31 5 4,14,31,5,4,mexp.22,Estimate,0.714537762,NA,-4.460550696,NA,42,,,,
31 5 4 22,31 5 4,15,31,5,4,mexp.22,Estimate,0.44609058,NA,-19.25302113,NA,45,,,,
31 5 4 23,31 5 4,16,31,5,4,mexp.22,Estimate,0.742277538,NA,-4.736857185,NA,48,,,,
31 5 4 24,31 5 4,17,31,5,4,mexp.22,Estimate,1.007984286,NA,-5.222743948,NA,51,,,,
31 5 4 25,31 5 4,18,31,5,4,mexp.22,Estimate,1.024748304,NA,-14.76569019,NA,54,,,,
31 5 4 26,31 5 4,19,31,5,4,mexp.22,Estimate,0.845892503,NA,-5.652663757,NA,57,,,,
31 5 4 27,31 5 4,20,31,5,4,mexp.22,Estimate,0.600856716,NA,-4.758696192,NA,60,,,,
31 5 4 28,31 5 4,21,31,5,4,mexp.22,Estimate,0.796135958,NA,-5.132767833,NA,63,,,,
31 5 4 29,31 5 4,22,31,5,4,mexp.22,Estimate,0.753158874,NA,-18.70810728,NA,66,,,,
31 5 4 3,31 5 4,23,31,5,4,mexp.22,Estimate,0.723167172,NA,-5.269098692,NA,69,,,,
31 5 4 30,31 5 4,24,31,5,4,mexp.22,Estimate,0.619841501,NA,-4.826748416,NA,72,,,,
31 5 4 31,31 5 4,25,31,5,4,mexp.22,Estimate,0.385409979,NA,-16.13272936,NA,75,,,,
31 5 4 32,31 5 4,26,31,5,4,mexp.22,Estimate,0.832969715,NA,-5.784406584,NA,78,,,,
31 5 4 33,31 5 4,27,31,5,4,mexp.22,Estimate,0.528639006,NA,-18.9277495,NA,81,,,,
31 5 4 34,31 5 4,28,31,5,4,mexp.22,Estimate,0.606498312,NA,-4.391159275,NA,84,,,,
31 5 4 36,31 5 4,30,31,5,4,mexp.22,Estimate,0.96031802,NA,-16.8121643,NA,90,,,,
31 5 4 37,31 5 4,31,31,5,4,mexp.22,Estimate,0.707449745,NA,-5.866822583,NA,93,,,,
31 5 4 38,31 5 4,32,31,5,4,mexp.22,Estimate,0.480870754,NA,-16.02333505,NA,96,,,,
31 5 4 39,31 5 4,33,31,5,4,mexp.22,Estimate,0.321739044,NA,-4.342799753,NA,99,,,,
31 5 4 4,31 5 4,34,31,5,4,mexp.22,Estimate,0.38126562,NA,-19.82837372,NA,102,,,,
31 5 4 40,31 5 4,35,31,5,4,mexp.22,Estimate,0.359157152,NA,-4.544065844,NA,105,,,,
31 5 4 41,31 5 4,36,31,5,4,mexp.22,Estimate,0.073687752,NA,-18.05602988,NA,108,,,,
31 5 4 42,31 5 4,37,31,5,4,mexp.22,Estimate,0.387930397,NA,-4.550450326,NA,111,,,,
31 5 4 43,31 5 4,38,31,5,4,mexp.22,Estimate,0.377741638,NA,-18.65560681,NA,114,,,,
31 5 4 44,31 5 4,39,31,5,4,mexp.22,Estimate,0.652376734,NA,-16.37647321,NA,117,,,,
31 5 4 45,31 5 4,40,31,5,4,mexp.22,Estimate,0.503750932,NA,-4.67433997,NA,120,,,,
31 5 4 46,31 5 4,41,31,5,4,mexp.22,Estimate,0.734266935,NA,-5.158203222,NA,123,,,,
31 5 4 47,31 5 4,42,31,5,4,mexp.22,Estimate,0.65785937,NA,-4.912283352,NA,126,,,,
31 5 4 48,31 5 4,43,31,5,4,mexp.22,Estimate,0.591286002,NA,-5.105626951,NA,129,,,,
31 5 4 49,31 5 4,44,31,5,4,mexp.22,Estimate,0.634271128,NA,-4.767900469,NA,132,,,,
31 5 4 5,31 5 4,45,31,5,4,mexp.22,Estimate,0.650911369,NA,-5.831898805,NA,135,,,,
31 5 4 50,31 5 4,46,31,5,4,mexp.22,Estimate,0.983454656,NA,-7.990613774,NA,138,,,,
31 5 4 51,31 5 4,47,31,5,4,mexp.22,Estimate,0.482655457,NA,-5.515167646,NA,141,,,,
31 5 4 52,31 5 4,48,31,5,4,mexp.22,Estimate,0.469120041,NA,-4.87685524,NA,144,,,,
31 5 4 53,31 5 4,49,31,5,4,mexp.22,Estimate,0.540861662,NA,-5.267568724,NA,147,,,,
31 5 4 54,31 5 4,50,31,5,4,mexp.22,Estimate,0.329395528,NA,-5.365278509,NA,150,,,,
31 5 4 55,31 5 4,51,31,5,4,mexp.22,Estimate,0.545043284,NA,-6.450625535,NA,153,,,,
31 5 4 56,31 5 4,52,31,5,4,mexp.22,Estimate,0.508546024,NA,-5.082463856,NA,156,,,,
31 5 4 57,31 5 4,53,31,5,4,mexp.22,Estimate,0.502082708,NA,-5.079606891,NA,159,,,,
31 5 4 58,31 5 4,54,31,5,4,mexp.22,Estimate,0.441791882,NA,-4.928688294,NA,162,,,,
31 5 4 59,31 5 4,55,31,5,4,mexp.22,Estimate,0.647329428,NA,-16.21093886,NA,165,,,,
31 5 4 6,31 5 4,56,31,5,4,mexp.22,Estimate,0.66386381,NA,-5.770480677,NA,168,,,,
31 5 4 60,31 5 4,57,31,5,4,mexp.22,Estimate,1.878064125,NA,-19.7580458,NA,171,,,,
31 5 4 61,31 5 4,58,31,5,4,mexp.22,Estimate,0.717348457,NA,-5.069132026,NA,174,,,,
31 5 4 62,31 5 4,59,31,5,4,mexp.22,Estimate,0.678358466,NA,-16.4013575,NA,177,,,,
31 5 4 63,31 5 4,60,31,5,4,mexp.22,Estimate,0.345484685,NA,-6.228212453,NA,180,,,,
31 5 4 64,31 5 4,61,31,5,4,mexp.22,Estimate,0.148811711,NA,-17.56662115,NA,183,,,,
31 5 4 65,31 5 4,62,31,5,4,mexp.22,Estimate,0.345638284,NA,-16.49333216,NA,186,,,,
31 5 4 66,31 5 4,63,31,5,4,mexp.22,Estimate,0.427619056,NA,-20.81215799,NA,189,,,,
31 5 4 67,31 5 4,64,31,5,4,mexp.22,Estimate,0.388364763,NA,-5.904439661,NA,192,,,,
31 5 4 68,31 5 4,65,31,5,4,mexp.22,Estimate,0.530442512,NA,-5.678901928,NA,195,,,,
31 5 4 69,31 5 4,66,31,5,4,mexp.22,Estimate,0.346275397,NA,-4.976304584,NA,198,,,,
31 5 4 7,31 5 4,67,31,5,4,mexp.22,Estimate,0.571200011,NA,-5.988806861,NA,201,,,,
31 5 4 70,31 5 4,68,31,5,4,mexp.22,Estimate,0.814074617,NA,-5.750888099,NA,204,,,,
31 5 4 71,31 5 4,69,31,5,4,mexp.22,Estimate,0.562668655,NA,-4.690455905,NA,207,,,,
31 5 4 72,31 5 4,70,31,5,4,mexp.22,Estimate,0.623781175,NA,-6.477112981,NA,210,,,,
31 5 4 73,31 5 4,71,31,5,4,mexp.22,Estimate,0.301555856,NA,-6.695971486,NA,213,,,,
31 5 4 74,31 5 4,72,31,5,4,mexp.22,Estimate,0.506515654,NA,-5.242113269,NA,216,,,,
31 5 4 75,31 5 4,73,31,5,4,mexp.22,Estimate,0.418041678,NA,-5.943568863,NA,219,,,,
31 5 4 76,31 5 4,74,31,5,4,mexp.22,Estimate,0.560804239,NA,-5.855984526,NA,222,,,,
31 5 4 77,31 5 4,75,31,5,4,mexp.22,Estimate,0.522864071,NA,-17.61324372,NA,225,,,,
31 5 4 78,31 5 4,76,31,5,4,mexp.22,Estimate,0.569023216,NA,-5.212615312,NA,228,,,,
31 5 4 79,31 5 4,77,31,5,4,mexp.22,Estimate,0.548987772,NA,-5.100753994,NA,231,,,,
31 5 4 8,31 5 4,78,31,5,4,mexp.22,Estimate,0.851951668,NA,-6.109719439,NA,234,,,,
31 5 4 80,31 5 4,79,31,5,4,mexp.22,Estimate,0.363434416,NA,-6.010533742,NA,237,,,,
31 5 4 81,31 5 4,80,31,5,4,mexp.22,Estimate,0.417840085,NA,-4.783510556,NA,240,,,,
31 5 4 82,31 5 4,81,31,5,4,mexp.22,Estimate,1.478923187,NA,-7.093200449,NA,243,,,,
31 5 4 83,31 5 4,82,31,5,4,mexp.22,Estimate,0.82382348,NA,-5.564530736,NA,246,,,,
31 5 4 84,31 5 4,83,31,5,4,mexp.22,Estimate,0.612085995,NA,-4.739028616,NA,249,,,,
31 5 4 9,31 5 4,84,31,5,4,mexp.22,Estimate,0.64498096,NA,-5.430381159,NA,252,,,,
31 L1 1 1,31 L1 1,1,31,L1,1,mexp.22,Estimate,0.652970772,NA,-5.410209464,NA,3,,,,
31 L1 1 10,31 L1 1,2,31,L1,1,mexp.22,Estimate,0.919618138,NA,-4.236128947,NA,6,,,,
31 L1 1 11,31 L1 1,3,31,L1,1,mexp.22,Estimate,1.134915437,NA,-4.062960544,NA,9,,,,
31 L1 1 12,31 L1 1,4,31,L1,1,mexp.22,Estimate,0.636418571,NA,-16.12501899,NA,12,,,,
31 L1 1 14,31 L1 1,5,31,L1,1,mexp.22,Estimate,1.184397879,NA,-4.240134074,NA,15,,,,
31 L1 1 15,31 L1 1,6,31,L1,1,mexp.22,Estimate,0.878995806,NA,-5.06067977,NA,18,,,,
31 L1 1 16,31 L1 1,7,31,L1,1,mexp.22,Estimate,1.103928955,NA,-5.434684892,NA,21,,,,
31 L1 1 17,31 L1 1,8,31,L1,1,mexp.22,Estimate,0.702529389,NA,-5.127684252,NA,24,,,,
31 L1 1 18,31 L1 1,9,31,L1,1,mexp.22,Estimate,0.969545634,NA,-4.082050959,NA,27,,,,
31 L1 1 19,31 L1 1,10,31,L1,1,mexp.22,Estimate,0.022381344,NA,-7.160091869,NA,30,,,,
31 L1 1 2,31 L1 1,11,31,L1,1,mexp.22,Estimate,0.826506422,NA,-6.868658813,NA,33,,,,
31 L1 1 20,31 L1 1,12,31,L1,1,mexp.22,Estimate,1.30672256,NA,-4.281205671,NA,36,,,,
31 L1 1 21,31 L1 1,14,31,L1,1,mexp.22,Estimate,0.482352962,NA,-3.889797495,NA,42,,,,
31 L1 1 22,31 L1 1,15,31,L1,1,mexp.22,Estimate,1.289133456,NA,-16.27138094,NA,45,,,,
31 L1 1 23,31 L1 1,16,31,L1,1,mexp.22,Estimate,0.935128145,NA,-4.92805659,NA,48,,,,
31 L1 1 24,31 L1 1,17,31,L1,1,mexp.22,Estimate,0.98329492,NA,-5.380575921,NA,51,,,,
31 L1 1 25,31 L1 1,18,31,L1,1,mexp.22,Estimate,0.123092442,NA,-16.59027205,NA,54,,,,
31 L1 1 26,31 L1 1,19,31,L1,1,mexp.22,Estimate,0.860456578,NA,-6.247899895,NA,57,,,,
31 L1 1 27,31 L1 1,20,31,L1,1,mexp.22,Estimate,1.019079118,NA,-4.911734464,NA,60,,,,
31 L1 1 28,31 L1 1,21,31,L1,1,mexp.22,Estimate,1.454366042,NA,-5.09251921,NA,63,,,,
31 L1 1 29,31 L1 1,22,31,L1,1,mexp.22,Estimate,0.340857531,NA,-16.55345835,NA,66,,,,
31 L1 1 3,31 L1 1,23,31,L1,1,mexp.22,Estimate,0.928918654,NA,-6.816912525,NA,69,,,,
31 L1 1 30,31 L1 1,24,31,L1,1,mexp.22,Estimate,1.051015946,NA,-6.305235822,NA,72,,,,
31 L1 1 31,31 L1 1,25,31,L1,1,mexp.22,Estimate,0.183255295,NA,-22.86618199,NA,75,,,,
31 L1 1 32,31 L1 1,26,31,L1,1,mexp.22,Estimate,1.654101307,NA,-5.367610917,NA,78,,,,
31 L1 1 33,31 L1 1,27,31,L1,1,mexp.22,Estimate,1.809283648,NA,-16.7812489,NA,81,,,,
31 L1 1 34,31 L1 1,28,31,L1,1,mexp.22,Estimate,0.773537487,NA,-4.592491456,NA,84,,,,
31 L1 1 35,31 L1 1,29,31,L1,1,mexp.22,Estimate,1.047261688,NA,-16.87276375,NA,87,,,,
31 L1 1 36,31 L1 1,30,31,L1,1,mexp.22,Estimate,0.770916709,NA,-19.01993826,NA,90,,,,
31 L1 1 37,31 L1 1,31,31,L1,1,mexp.22,Estimate,0.96245649,NA,-5.270691981,NA,93,,,,
31 L1 1 38,31 L1 1,32,31,L1,1,mexp.22,Estimate,0.710681376,NA,-14.79061338,NA,96,,,,
31 L1 1 39,31 L1 1,33,31,L1,1,mexp.22,Estimate,1.039225056,NA,-4.58728352,NA,99,,,,
31 L1 1 4,31 L1 1,34,31,L1,1,mexp.22,Estimate,0.555835875,NA,-17.43952424,NA,102,,,,
31 L1 1 40,31 L1 1,35,31,L1,1,mexp.22,Estimate,0.833428347,NA,-4.621131966,NA,105,,,,
31 L1 1 41,31 L1 1,36,31,L1,1,mexp.22,Estimate,0.911508006,NA,-17.04329397,NA,108,,,,
31 L1 1 42,31 L1 1,37,31,L1,1,mexp.22,Estimate,0.672462425,NA,-4.280348991,NA,111,,,,
31 L1 1 43,31 L1 1,38,31,L1,1,mexp.22,Estimate,0.998232459,NA,-17.92000733,NA,114,,,,
31 L1 1 44,31 L1 1,39,31,L1,1,mexp.22,Estimate,1.033944409,NA,-16.26812718,NA,117,,,,
31 L1 1 45,31 L1 1,40,31,L1,1,mexp.22,Estimate,1.045458107,NA,-5.365698482,NA,120,,,,
31 L1 1 46,31 L1 1,41,31,L1,1,mexp.22,Estimate,0.882661404,NA,-5.158670629,NA,123,,,,
31 L1 1 47,31 L1 1,42,31,L1,1,mexp.22,Estimate,1.38782457,NA,-7.459541878,NA,126,,,,
31 L1 1 48,31 L1 1,43,31,L1,1,mexp.22,Estimate,0.967978638,NA,-5.591605791,NA,129,,,,
31 L1 1 49,31 L1 1,44,31,L1,1,mexp.22,Estimate,1.165897537,NA,-5.464125869,NA,132,,,,
31 L1 1 5,31 L1 1,45,31,L1,1,mexp.22,Estimate,1.022898878,NA,-5.459545747,NA,135,,,,
31 L1 1 50,31 L1 1,46,31,L1,1,mexp.22,Estimate,0.08967876,NA,-6.830440007,NA,138,,,,
31 L1 1 51,31 L1 1,47,31,L1,1,mexp.22,Estimate,0.553300935,NA,-6.345505298,NA,141,,,,
31 L1 1 52,31 L1 1,48,31,L1,1,mexp.22,Estimate,1.281872199,NA,-5.679791748,NA,144,,,,
31 L1 1 53,31 L1 1,49,31,L1,1,mexp.22,Estimate,0.897351404,NA,-5.646846786,NA,147,,,,
31 L1 1 54,31 L1 1,50,31,L1,1,mexp.22,Estimate,0.884787792,NA,-6.145945668,NA,150,,,,
31 L1 1 55,31 L1 1,51,31,L1,1,mexp.22,Estimate,1.526609554,NA,-4.428877668,NA,153,,,,
31 L1 1 56,31 L1 1,52,31,L1,1,mexp.22,Estimate,1.198192694,NA,-5.732972816,NA,156,,,,
31 L1 1 57,31 L1 1,53,31,L1,1,mexp.22,Estimate,0.748890022,NA,-4.832119236,NA,159,,,,
31 L1 1 58,31 L1 1,54,31,L1,1,mexp.22,Estimate,0.516477888,NA,-4.235144275,NA,162,,,,
31 L1 1 59,31 L1 1,55,31,L1,1,mexp.22,Estimate,0.97914576,NA,-16.23821485,NA,165,,,,
31 L1 1 6,31 L1 1,56,31,L1,1,mexp.22,Estimate,1.132707214,NA,-6.063307722,NA,168,,,,
31 L1 1 60,31 L1 1,57,31,L1,1,mexp.22,Estimate,1.366637502,NA,-16.23698317,NA,171,,,,
31 L1 1 61,31 L1 1,58,31,L1,1,mexp.22,Estimate,0.960251483,NA,-6.118206469,NA,174,,,,
31 L1 1 62,31 L1 1,59,31,L1,1,mexp.22,Estimate,1.323844615,NA,-15.66015231,NA,177,,,,
31 L1 1 63,31 L1 1,60,31,L1,1,mexp.22,Estimate,1.220365913,NA,-4.345843325,NA,180,,,,
31 L1 1 64,31 L1 1,61,31,L1,1,mexp.22,Estimate,1.385301743,NA,-16.79162654,NA,183,,,,
31 L1 1 65,31 L1 1,62,31,L1,1,mexp.22,Estimate,0.834106964,NA,-15.67816453,NA,186,,,,
31 L1 1 66,31 L1 1,63,31,L1,1,mexp.22,Estimate,0.975841046,NA,-15.49866926,NA,189,,,,
31 L1 1 67,31 L1 1,64,31,L1,1,mexp.22,Estimate,0.817542764,NA,-4.590740775,NA,192,,,,
31 L1 1 68,31 L1 1,65,31,L1,1,mexp.22,Estimate,2.274057773,NA,-4.234689591,NA,195,,,,
31 L1 1 69,31 L1 1,66,31,L1,1,mexp.22,Estimate,0.824804443,NA,-4.615061108,NA,198,,,,
31 L1 1 7,31 L1 1,67,31,L1,1,mexp.22,Estimate,0.820964374,NA,-4.558530898,NA,201,,,,
31 L1 1 70,31 L1 1,68,31,L1,1,mexp.22,Estimate,1.17766886,NA,-7.823599918,NA,204,,,,
31 L1 1 71,31 L1 1,69,31,L1,1,mexp.22,Estimate,0.975720189,NA,-7.541325999,NA,207,,,,
31 L1 1 72,31 L1 1,70,31,L1,1,mexp.22,Estimate,1.790040689,NA,-4.526807202,NA,210,,,,
31 L1 1 73,31 L1 1,71,31,L1,1,mexp.22,Estimate,1.920986387,NA,-5.48102086,NA,213,,,,
31 L1 1 74,31 L1 1,72,31,L1,1,mexp.22,Estimate,1.417360717,NA,-5.726244103,NA,216,,,,
31 L1 1 75,31 L1 1,73,31,L1,1,mexp.22,Estimate,0.426184457,NA,-4.815298804,NA,219,,,,
31 L1 1 76,31 L1 1,74,31,L1,1,mexp.22,Estimate,1.093917889,NA,-6.602169344,NA,222,,,,
31 L1 1 77,31 L1 1,75,31,L1,1,mexp.22,Estimate,1.053302488,NA,-14.76826416,NA,225,,,,
31 L1 1 78,31 L1 1,76,31,L1,1,mexp.22,Estimate,1.308771444,NA,-5.210171316,NA,228,,,,
31 L1 1 79,31 L1 1,77,31,L1,1,mexp.22,Estimate,0.999268536,NA,-6.412781534,NA,231,,,,
31 L1 1 8,31 L1 1,78,31,L1,1,mexp.22,Estimate,2.295589222,NA,-3.705230248,NA,234,,,,
31 L1 1 80,31 L1 1,79,31,L1,1,mexp.22,Estimate,1.148751406,NA,-11.65280918,NA,237,,,,
31 L1 1 81,31 L1 1,80,31,L1,1,mexp.22,Estimate,0.921821758,NA,-4.647178645,NA,240,,,,
31 L1 1 82,31 L1 1,81,31,L1,1,mexp.22,Estimate,1.965434029,NA,-4.270499806,NA,243,,,,
31 L1 1 83,31 L1 1,82,31,L1,1,mexp.22,Estimate,1.756484368,NA,-4.420526177,NA,246,,,,
31 L1 1 84,31 L1 1,83,31,L1,1,mexp.22,Estimate,0.977179491,NA,-6.359878049,NA,249,,,,
31 L1 1 9,31 L1 1,84,31,L1,1,mexp.22,Estimate,0.736819739,NA,-5.494074883,NA,252,,,,
31 L1 2 1,31 L1 2,1,31,L1,2,mexp.22,Estimate,0.800134361,NA,-5.681910393,NA,3,,,,
31 L1 2 10,31 L1 2,2,31,L1,2,mexp.22,Estimate,0.84913518,NA,-4.399867955,NA,6,,,,
31 L1 2 11,31 L1 2,3,31,L1,2,mexp.22,Estimate,1.221639461,NA,-4.000923248,NA,9,,,,
31 L1 2 12,31 L1 2,4,31,L1,2,mexp.22,Estimate,0.538945172,NA,-13.62842671,NA,12,,,,
31 L1 2 14,31 L1 2,5,31,L1,2,mexp.22,Estimate,1.252953674,NA,-6.017590675,NA,15,,,,
31 L1 2 15,31 L1 2,6,31,L1,2,mexp.22,Estimate,0.957569423,NA,-4.81826769,NA,18,,,,
31 L1 2 16,31 L1 2,7,31,L1,2,mexp.22,Estimate,0.7875405,NA,-4.269940531,NA,21,,,,
31 L1 2 17,31 L1 2,8,31,L1,2,mexp.22,Estimate,1.213018935,NA,-3.808685496,NA,24,,,,
31 L1 2 18,31 L1 2,9,31,L1,2,mexp.22,Estimate,0.042088241,NA,-4.965937627,NA,27,,,,
31 L1 2 19,31 L1 2,10,31,L1,2,mexp.22,Estimate,0.629549239,NA,-4.879794197,NA,30,,,,
31 L1 2 2,31 L1 2,11,31,L1,2,mexp.22,Estimate,0.900182327,NA,-6.846214999,NA,33,,,,
31 L1 2 20,31 L1 2,12,31,L1,2,mexp.22,Estimate,1.262797843,NA,-3.998146983,NA,36,,,,
31 L1 2 21,31 L1 2,14,31,L1,2,mexp.22,Estimate,0.635284502,NA,-3.525833007,NA,42,,,,
31 L1 2 22,31 L1 2,15,31,L1,2,mexp.22,Estimate,1.289381495,NA,-16.92723482,NA,45,,,,
31 L1 2 23,31 L1 2,16,31,L1,2,mexp.22,Estimate,0.746071553,NA,-4.395308183,NA,48,,,,
31 L1 2 24,31 L1 2,17,31,L1,2,mexp.22,Estimate,1.146695779,NA,-5.006950038,NA,51,,,,
31 L1 2 25,31 L1 2,18,31,L1,2,mexp.22,Estimate,0.189318224,NA,-16.70076882,NA,54,,,,
31 L1 2 26,31 L1 2,19,31,L1,2,mexp.22,Estimate,1.201667106,NA,-5.243298772,NA,57,,,,
31 L1 2 27,31 L1 2,20,31,L1,2,mexp.22,Estimate,1.024271456,NA,-6.328084227,NA,60,,,,
31 L1 2 28,31 L1 2,21,31,L1,2,mexp.22,Estimate,1.179942066,NA,-5.70287678,NA,63,,,,
31 L1 2 29,31 L1 2,22,31,L1,2,mexp.22,Estimate,0.453654239,NA,-15.92280072,NA,66,,,,
31 L1 2 3,31 L1 2,23,31,L1,2,mexp.22,Estimate,1.005266271,NA,-6.84082651,NA,69,,,,
31 L1 2 30,31 L1 2,24,31,L1,2,mexp.22,Estimate,0.944459303,NA,-4.949466859,NA,72,,,,
31 L1 2 31,31 L1 2,25,31,L1,2,mexp.22,Estimate,0.430483837,NA,-15.71613811,NA,75,,,,
31 L1 2 32,31 L1 2,26,31,L1,2,mexp.22,Estimate,1.665387353,NA,-4.845483457,NA,78,,,,
31 L1 2 33,31 L1 2,27,31,L1,2,mexp.22,Estimate,1.493210989,NA,-17.33060843,NA,81,,,,
31 L1 2 34,31 L1 2,28,31,L1,2,mexp.22,Estimate,0.874447519,NA,-4.530420415,NA,84,,,,
31 L1 2 35,31 L1 2,29,31,L1,2,mexp.22,Estimate,0.939867651,NA,-18.0601425,NA,87,,,,
31 L1 2 36,31 L1 2,30,31,L1,2,mexp.22,Estimate,0.847723596,NA,-17.0137226,NA,90,,,,
31 L1 2 37,31 L1 2,31,31,L1,2,mexp.22,Estimate,0.998195871,NA,-5.5242086,NA,93,,,,
31 L1 2 38,31 L1 2,32,31,L1,2,mexp.22,Estimate,0.750479733,NA,-15.21490455,NA,96,,,,
31 L1 2 39,31 L1 2,33,31,L1,2,mexp.22,Estimate,0.813987456,NA,-5.082251625,NA,99,,,,
31 L1 2 4,31 L1 2,34,31,L1,2,mexp.22,Estimate,0.315061449,NA,-20.51689724,NA,102,,,,
31 L1 2 40,31 L1 2,35,31,L1,2,mexp.22,Estimate,0.839920225,NA,-4.86154623,NA,105,,,,
31 L1 2 41,31 L1 2,36,31,L1,2,mexp.22,Estimate,0.702202679,NA,-17.45390564,NA,108,,,,
31 L1 2 42,31 L1 2,37,31,L1,2,mexp.22,Estimate,0.749600374,NA,-4.359639445,NA,111,,,,
31 L1 2 43,31 L1 2,38,31,L1,2,mexp.22,Estimate,0.846357221,NA,-18.76653887,NA,114,,,,
31 L1 2 44,31 L1 2,39,31,L1,2,mexp.22,Estimate,1.022074311,NA,-15.73119255,NA,117,,,,
31 L1 2 45,31 L1 2,40,31,L1,2,mexp.22,Estimate,1.028698717,NA,-4.360525298,NA,120,,,,
31 L1 2 46,31 L1 2,41,31,L1,2,mexp.22,Estimate,1.00111469,NA,-5.662432576,NA,123,,,,
31 L1 2 47,31 L1 2,42,31,L1,2,mexp.22,Estimate,1.018793075,NA,-5.804344165,NA,126,,,,
31 L1 2 48,31 L1 2,43,31,L1,2,mexp.22,Estimate,0.75029494,NA,-4.464846471,NA,129,,,,
31 L1 2 49,31 L1 2,44,31,L1,2,mexp.22,Estimate,1.102110022,NA,-4.5484171,NA,132,,,,
31 L1 2 5,31 L1 2,45,31,L1,2,mexp.22,Estimate,0.579049274,NA,-6.636723361,NA,135,,,,
31 L1 2 50,31 L1 2,46,31,L1,2,mexp.22,Estimate,0.976828593,NA,-7.341274785,NA,138,,,,
31 L1 2 51,31 L1 2,47,31,L1,2,mexp.22,Estimate,1.020862685,NA,-6.662896757,NA,141,,,,
31 L1 2 52,31 L1 2,48,31,L1,2,mexp.22,Estimate,1.044532381,NA,-6.595466223,NA,144,,,,
31 L1 2 53,31 L1 2,49,31,L1,2,mexp.22,Estimate,0.778845711,NA,-5.915849148,NA,147,,,,
31 L1 2 54,31 L1 2,50,31,L1,2,mexp.22,Estimate,0.799416188,NA,-5.151946261,NA,150,,,,
31 L1 2 55,31 L1 2,51,31,L1,2,mexp.22,Estimate,0.626874385,NA,-6.481263672,NA,153,,,,
31 L1 2 56,31 L1 2,52,31,L1,2,mexp.22,Estimate,1.149890588,NA,-7.065928707,NA,156,,,,
31 L1 2 57,31 L1 2,53,31,L1,2,mexp.22,Estimate,1.182477527,NA,-5.768552431,NA,159,,,,
31 L1 2 58,31 L1 2,54,31,L1,2,mexp.22,Estimate,0.915351843,NA,-5.460991278,NA,162,,,,
31 L1 2 59,31 L1 2,55,31,L1,2,mexp.22,Estimate,0.712048876,NA,-16.53743224,NA,165,,,,
31 L1 2 6,31 L1 2,56,31,L1,2,mexp.22,Estimate,1.232312502,NA,-5.631641928,NA,168,,,,
31 L1 2 60,31 L1 2,57,31,L1,2,mexp.22,Estimate,0.667785448,NA,-18.5064472,NA,171,,,,
31 L1 2 61,31 L1 2,58,31,L1,2,mexp.22,Estimate,0.79255073,NA,-4.629824275,NA,174,,,,
31 L1 2 62,31 L1 2,59,31,L1,2,mexp.22,Estimate,1.335619928,NA,-15.68995028,NA,177,,,,
31 L1 2 63,31 L1 2,60,31,L1,2,mexp.22,Estimate,1.061744499,NA,-6.466201348,NA,180,,,,
31 L1 2 64,31 L1 2,61,31,L1,2,mexp.22,Estimate,0.96673631,NA,-18.51468231,NA,183,,,,
31 L1 2 65,31 L1 2,62,31,L1,2,mexp.22,Estimate,0.784950948,NA,-15.70132661,NA,186,,,,
31 L1 2 66,31 L1 2,63,31,L1,2,mexp.22,Estimate,0.799413527,NA,-16.97284533,NA,189,,,,
31 L1 2 67,31 L1 2,64,31,L1,2,mexp.22,Estimate,1.016997904,NA,-5.359379619,NA,192,,,,
31 L1 2 68,31 L1 2,65,31,L1,2,mexp.22,Estimate,0.673409857,NA,-7.5747385,NA,195,,,,
31 L1 2 69,31 L1 2,66,31,L1,2,mexp.22,Estimate,0.964079658,NA,-5.020957832,NA,198,,,,
31 L1 2 7,31 L1 2,67,31,L1,2,mexp.22,Estimate,0.555513054,NA,-4.402031942,NA,201,,,,
31 L1 2 70,31 L1 2,68,31,L1,2,mexp.22,Estimate,1.113753264,NA,-5.808685696,NA,204,,,,
31 L1 2 71,31 L1 2,69,31,L1,2,mexp.22,Estimate,1.199392825,NA,-5.247110066,NA,207,,,,
31 L1 2 72,31 L1 2,70,31,L1,2,mexp.22,Estimate,1.896148038,NA,-4.398949368,NA,210,,,,
31 L1 2 73,31 L1 2,71,31,L1,2,mexp.22,Estimate,1.087736672,NA,-5.96839382,NA,213,,,,
31 L1 2 74,31 L1 2,72,31,L1,2,mexp.22,Estimate,1.578665378,NA,-5.150801002,NA,216,,,,
31 L1 2 75,31 L1 2,73,31,L1,2,mexp.22,Estimate,0.585149131,NA,-6.002073754,NA,219,,,,
31 L1 2 76,31 L1 2,74,31,L1,2,mexp.22,Estimate,1.02583381,NA,-5.884266472,NA,222,,,,
31 L1 2 77,31 L1 2,75,31,L1,2,mexp.22,Estimate,1.399720806,NA,-16.92647607,NA,225,,,,
31 L1 2 78,31 L1 2,76,31,L1,2,mexp.22,Estimate,0.804815583,NA,-5.087473817,NA,228,,,,
31 L1 2 79,31 L1 2,77,31,L1,2,mexp.22,Estimate,1.298623327,NA,-5.045690187,NA,231,,,,
31 L1 2 8,31 L1 2,78,31,L1,2,mexp.22,Estimate,0.603170365,NA,-7.302649345,NA,234,,,,
31 L1 2 80,31 L1 2,79,31,L1,2,mexp.22,Estimate,1.040710224,NA,-6.309582863,NA,237,,,,
31 L1 2 81,31 L1 2,80,31,L1,2,mexp.22,Estimate,0.85956038,NA,-5.003291703,NA,240,,,,
31 L1 2 82,31 L1 2,81,31,L1,2,mexp.22,Estimate,1.050397309,NA,-6.451200581,NA,243,,,,
31 L1 2 83,31 L1 2,82,31,L1,2,mexp.22,Estimate,1.812469715,NA,-4.437634759,NA,246,,,,
31 L1 2 84,31 L1 2,83,31,L1,2,mexp.22,Estimate,0.470656857,NA,-3.876507308,NA,249,,,,
31 L1 2 9,31 L1 2,84,31,L1,2,mexp.22,Estimate,0.95870406,NA,-5.57768636,NA,252,,,,
31 L1 3 1,31 L1 3,1,31,L1,3,mexp.22,Estimate,0.709488509,NA,-6.42612437,NA,3,,,,
31 L1 3 10,31 L1 3,2,31,L1,3,mexp.22,Estimate,0.912817114,NA,-4.4169662,NA,6,,,,
31 L1 3 11,31 L1 3,3,31,L1,3,mexp.22,Estimate,1.058300599,NA,-7.590623723,NA,9,,,,
31 L1 3 12,31 L1 3,4,31,L1,3,mexp.22,Estimate,0.764780416,NA,-14.875192,NA,12,,,,
31 L1 3 14,31 L1 3,5,31,L1,3,mexp.22,Estimate,1.093349401,NA,-6.233179182,NA,15,,,,
31 L1 3 15,31 L1 3,6,31,L1,3,mexp.22,Estimate,0.549551226,NA,-4.740599366,NA,18,,,,
31 L1 3 16,31 L1 3,7,31,L1,3,mexp.22,Estimate,1.266408602,NA,-5.966225701,NA,21,,,,
31 L1 3 17,31 L1 3,8,31,L1,3,mexp.22,Estimate,0.164657276,NA,-7.638944129,NA,24,,,,
31 L1 3 18,31 L1 3,9,31,L1,3,mexp.22,Estimate,0.816099149,NA,-5.042090546,NA,27,,,,
31 L1 3 19,31 L1 3,10,31,L1,3,mexp.22,Estimate,1.034115374,NA,-5.568805957,NA,30,,,,
31 L1 3 2,31 L1 3,11,31,L1,3,mexp.22,Estimate,1.167474664,NA,-5.710109307,NA,33,,,,
31 L1 3 20,31 L1 3,12,31,L1,3,mexp.22,Estimate,0.42302854,NA,-5.818623424,NA,36,,,,
31 L1 3 21,31 L1 3,14,31,L1,3,mexp.22,Estimate,0.637762035,NA,-3.696894484,NA,42,,,,
31 L1 3 22,31 L1 3,15,31,L1,3,mexp.22,Estimate,1.390234528,NA,-17.7546261,NA,45,,,,
31 L1 3 23,31 L1 3,16,31,L1,3,mexp.22,Estimate,0.682866919,NA,-4.686143399,NA,48,,,,
31 L1 3 24,31 L1 3,17,31,L1,3,mexp.22,Estimate,1.101545871,NA,-7.291511541,NA,51,,,,
31 L1 3 25,31 L1 3,18,31,L1,3,mexp.22,Estimate,0.277170008,NA,-17.30154718,NA,54,,,,
31 L1 3 26,31 L1 3,19,31,L1,3,mexp.22,Estimate,1.080300334,NA,-6.426863921,NA,57,,,,
31 L1 3 27,31 L1 3,20,31,L1,3,mexp.22,Estimate,1.052262746,NA,-5.355819612,NA,60,,,,
31 L1 3 28,31 L1 3,21,31,L1,3,mexp.22,Estimate,0.727388738,NA,-5.551021795,NA,63,,,,
31 L1 3 29,31 L1 3,22,31,L1,3,mexp.22,Estimate,1.412556395,NA,-16.34300077,NA,66,,,,
31 L1 3 3,31 L1 3,23,31,L1,3,mexp.22,Estimate,0.994712831,NA,-6.061455066,NA,69,,,,
31 L1 3 30,31 L1 3,24,31,L1,3,mexp.22,Estimate,0.488261247,NA,-4.812989121,NA,72,,,,
31 L1 3 31,31 L1 3,25,31,L1,3,mexp.22,Estimate,-0.249954441,NA,-17.95184777,NA,75,,,,
31 L1 3 32,31 L1 3,26,31,L1,3,mexp.22,Estimate,1.335825332,NA,-5.706853163,NA,78,,,,
31 L1 3 33,31 L1 3,27,31,L1,3,mexp.22,Estimate,1.103122411,NA,-17.00052159,NA,81,,,,
31 L1 3 34,31 L1 3,28,31,L1,3,mexp.22,Estimate,0.999363802,NA,-4.829441733,NA,84,,,,
31 L1 3 35,31 L1 3,29,31,L1,3,mexp.22,Estimate,0.504787551,NA,-17.02665428,NA,87,,,,
31 L1 3 36,31 L1 3,30,31,L1,3,mexp.22,Estimate,0.884860455,NA,-13.09553482,NA,90,,,,
31 L1 3 37,31 L1 3,31,31,L1,3,mexp.22,Estimate,0.952155339,NA,-5.695154462,NA,93,,,,
31 L1 3 38,31 L1 3,32,31,L1,3,mexp.22,Estimate,0.771726754,NA,-15.26967582,NA,96,,,,
31 L1 3 39,31 L1 3,33,31,L1,3,mexp.22,Estimate,1.028413013,NA,-4.262375223,NA,99,,,,
31 L1 3 4,31 L1 3,34,31,L1,3,mexp.22,Estimate,0.832850572,NA,-18.21142478,NA,102,,,,
31 L1 3 40,31 L1 3,35,31,L1,3,mexp.22,Estimate,0.778760805,NA,-4.693279198,NA,105,,,,
31 L1 3 41,31 L1 3,36,31,L1,3,mexp.22,Estimate,0.755393343,NA,-16.1229744,NA,108,,,,
31 L1 3 42,31 L1 3,37,31,L1,3,mexp.22,Estimate,0.781569103,NA,-5.302428625,NA,111,,,,
31 L1 3 43,31 L1 3,38,31,L1,3,mexp.22,Estimate,0.613842203,NA,-16.88264379,NA,114,,,,
31 L1 3 44,31 L1 3,39,31,L1,3,mexp.22,Estimate,1.029766716,NA,-17.26203697,NA,117,,,,
31 L1 3 45,31 L1 3,40,31,L1,3,mexp.22,Estimate,1.085823507,NA,-8.15941904,NA,120,,,,
31 L1 3 46,31 L1 3,41,31,L1,3,mexp.22,Estimate,1.003400978,NA,-6.390529674,NA,123,,,,
31 L1 3 47,31 L1 3,42,31,L1,3,mexp.22,Estimate,1.609224467,NA,-5.37613034,NA,126,,,,
31 L1 3 48,31 L1 3,43,31,L1,3,mexp.22,Estimate,0.77244974,NA,-5.207916964,NA,129,,,,
31 L1 3 49,31 L1 3,44,31,L1,3,mexp.22,Estimate,1.396760458,NA,-5.27085391,NA,132,,,,
31 L1 3 5,31 L1 3,45,31,L1,3,mexp.22,Estimate,0.625915836,NA,-6.260060477,NA,135,,,,
31 L1 3 50,31 L1 3,46,31,L1,3,mexp.22,Estimate,1.016714952,NA,-6.132529734,NA,138,,,,
31 L1 3 51,31 L1 3,47,31,L1,3,mexp.22,Estimate,0.931475426,NA,-6.594662584,NA,141,,,,
31 L1 3 52,31 L1 3,48,31,L1,3,mexp.22,Estimate,0.867859183,NA,-4.948779065,NA,144,,,,
31 L1 3 53,31 L1 3,49,31,L1,3,mexp.22,Estimate,0.742039365,NA,-5.724584228,NA,147,,,,
31 L1 3 54,31 L1 3,50,31,L1,3,mexp.22,Estimate,0.960074793,NA,-5.740725899,NA,150,,,,
31 L1 3 55,31 L1 3,51,31,L1,3,mexp.22,Estimate,1.806501363,NA,-3.984440012,NA,153,,,,
31 L1 3 56,31 L1 3,52,31,L1,3,mexp.22,Estimate,1.431590112,NA,-5.02716543,NA,156,,,,
31 L1 3 57,31 L1 3,53,31,L1,3,mexp.22,Estimate,0.665875736,NA,-4.776578589,NA,159,,,,
31 L1 3 58,31 L1 3,54,31,L1,3,mexp.22,Estimate,0.816352563,NA,-4.566334743,NA,162,,,,
31 L1 3 59,31 L1 3,55,31,L1,3,mexp.22,Estimate,0.154732715,NA,-15.93463537,NA,165,,,,
31 L1 3 6,31 L1 3,56,31,L1,3,mexp.22,Estimate,0.511481588,NA,-5.086894798,NA,168,,,,
31 L1 3 60,31 L1 3,57,31,L1,3,mexp.22,Estimate,1.29861684,NA,-18.88194512,NA,171,,,,
31 L1 3 61,31 L1 3,58,31,L1,3,mexp.22,Estimate,0.915672319,NA,-5.028673527,NA,174,,,,
31 L1 3 62,31 L1 3,59,31,L1,3,mexp.22,Estimate,1.391107285,NA,-15.93740052,NA,177,,,,
31 L1 3 63,31 L1 3,60,31,L1,3,mexp.22,Estimate,1.162909218,NA,-5.929678209,NA,180,,,,
31 L1 3 64,31 L1 3,61,31,L1,3,mexp.22,Estimate,0.698027429,NA,-17.09000349,NA,183,,,,
31 L1 3 65,31 L1 3,62,31,L1,3,mexp.22,Estimate,0.766015733,NA,-16.00014294,NA,186,,,,
31 L1 3 66,31 L1 3,63,31,L1,3,mexp.22,Estimate,0.439948437,NA,-17.1838668,NA,189,,,,
31 L1 3 67,31 L1 3,64,31,L1,3,mexp.22,Estimate,1.053290086,NA,-6.971250918,NA,192,,,,
31 L1 3 68,31 L1 3,65,31,L1,3,mexp.22,Estimate,0.840816732,NA,-4.768854616,NA,195,,,,
31 L1 3 69,31 L1 3,66,31,L1,3,mexp.22,Estimate,0.897188401,NA,-5.199038074,NA,198,,,,
31 L1 3 7,31 L1 3,67,31,L1,3,mexp.22,Estimate,0.879885683,NA,-3.892037815,NA,201,,,,
31 L1 3 70,31 L1 3,68,31,L1,3,mexp.22,Estimate,1.080438644,NA,-5.626619935,NA,204,,,,
31 L1 3 71,31 L1 3,69,31,L1,3,mexp.22,Estimate,1.749876837,NA,-4.46555046,NA,207,,,,
31 L1 3 72,31 L1 3,70,31,L1,3,mexp.22,Estimate,2.001349297,NA,-4.289208613,NA,210,,,,
31 L1 3 73,31 L1 3,71,31,L1,3,mexp.22,Estimate,0.596239169,NA,-7.932504245,NA,213,,,,
31 L1 3 74,31 L1 3,72,31,L1,3,mexp.22,Estimate,1.568688877,NA,-5.245267995,NA,216,,,,
31 L1 3 75,31 L1 3,73,31,L1,3,mexp.22,Estimate,0.450962849,NA,-6.535661781,NA,219,,,,
31 L1 3 76,31 L1 3,74,31,L1,3,mexp.22,Estimate,0.80732677,NA,-4.916071518,NA,222,,,,
31 L1 3 77,31 L1 3,75,31,L1,3,mexp.22,Estimate,1.502698297,NA,-16.06406476,NA,225,,,,
31 L1 3 78,31 L1 3,76,31,L1,3,mexp.22,Estimate,0.890947059,NA,-5.26717347,NA,228,,,,
31 L1 3 79,31 L1 3,77,31,L1,3,mexp.22,Estimate,0.840469596,NA,-5.116757181,NA,231,,,,
31 L1 3 8,31 L1 3,78,31,L1,3,mexp.22,Estimate,1.050375287,NA,-7.67536928,NA,234,,,,
31 L1 3 80,31 L1 3,79,31,L1,3,mexp.22,Estimate,1.410131076,NA,-5.192956092,NA,237,,,,
31 L1 3 81,31 L1 3,80,31,L1,3,mexp.22,Estimate,1.015276927,NA,-5.612506597,NA,240,,,,
31 L1 3 82,31 L1 3,81,31,L1,3,mexp.22,Estimate,1.702599883,NA,-4.087083006,NA,243,,,,
31 L1 3 83,31 L1 3,82,31,L1,3,mexp.22,Estimate,0.621198955,NA,-4.974067702,NA,246,,,,
31 L1 3 84,31 L1 3,83,31,L1,3,mexp.22,Estimate,0.784811224,NA,-5.195081395,NA,249,,,,
31 L1 3 9,31 L1 3,84,31,L1,3,mexp.22,Estimate,0.838279597,NA,-7.125990459,NA,252,,,,
31 L1 4 1,31 L1 4,1,31,L1,4,mexp.22,Estimate,0.628127481,NA,-4.7869999,NA,3,,,,
31 L1 4 10,31 L1 4,2,31,L1,4,mexp.22,Estimate,0.838425147,NA,-4.094759651,NA,6,,,,
31 L1 4 11,31 L1 4,3,31,L1,4,mexp.22,Estimate,1.062466184,NA,-3.996165225,NA,9,,,,
31 L1 4 12,31 L1 4,4,31,L1,4,mexp.22,Estimate,0.438925058,NA,-16.36774068,NA,12,,,,
31 L1 4 14,31 L1 4,5,31,L1,4,mexp.22,Estimate,1.223025636,NA,-6.248900845,NA,15,,,,
31 L1 4 15,31 L1 4,6,31,L1,4,mexp.22,Estimate,1.109837406,NA,-3.905632005,NA,18,,,,
31 L1 4 16,31 L1 4,7,31,L1,4,mexp.22,Estimate,0.088899887,NA,-5.049052989,NA,21,,,,
31 L1 4 17,31 L1 4,8,31,L1,4,mexp.22,Estimate,0.344221648,NA,-4.544995656,NA,24,,,,
31 L1 4 18,31 L1 4,9,31,L1,4,mexp.22,Estimate,1.192040256,NA,-5.063376101,NA,27,,,,
31 L1 4 19,31 L1 4,10,31,L1,4,mexp.22,Estimate,-0.026360411,NA,-7.554135695,NA,30,,,,
31 L1 4 2,31 L1 4,11,31,L1,4,mexp.22,Estimate,0.744756048,NA,-5.044657464,NA,33,,,,
31 L1 4 20,31 L1 4,12,31,L1,4,mexp.22,Estimate,1.195225375,NA,-4.620176775,NA,36,,,,
31 L1 4 21,31 L1 4,14,31,L1,4,mexp.22,Estimate,0.643103641,NA,-3.361022832,NA,42,,,,
31 L1 4 22,31 L1 4,15,31,L1,4,mexp.22,Estimate,0.84643116,NA,-17.14405254,NA,45,,,,
31 L1 4 23,31 L1 4,16,31,L1,4,mexp.22,Estimate,1.049048554,NA,-4.773570205,NA,48,,,,
31 L1 4 24,31 L1 4,17,31,L1,4,mexp.22,Estimate,0.875714717,NA,-4.817017035,NA,51,,,,
31 L1 4 25,31 L1 4,18,31,L1,4,mexp.22,Estimate,1.123216055,NA,-14.62487823,NA,54,,,,
31 L1 4 26,31 L1 4,19,31,L1,4,mexp.22,Estimate,1.002531851,NA,-4.726317449,NA,57,,,,
31 L1 4 27,31 L1 4,20,31,L1,4,mexp.22,Estimate,0.751571054,NA,-4.950264978,NA,60,,,,
31 L1 4 28,31 L1 4,21,31,L1,4,mexp.22,Estimate,1.192351158,NA,-6.130630686,NA,63,,,,
31 L1 4 29,31 L1 4,22,31,L1,4,mexp.22,Estimate,0.377101038,NA,-16.34495204,NA,66,,,,
31 L1 4 3,31 L1 4,23,31,L1,4,mexp.22,Estimate,0.955722071,NA,-8.299714085,NA,69,,,,
31 L1 4 30,31 L1 4,24,31,L1,4,mexp.22,Estimate,1.098427813,NA,-6.690628517,NA,72,,,,
31 L1 4 31,31 L1 4,25,31,L1,4,mexp.22,Estimate,0.390979277,NA,-15.35495152,NA,75,,,,
31 L1 4 32,31 L1 4,26,31,L1,4,mexp.22,Estimate,1.695122205,NA,-4.31608203,NA,78,,,,
31 L1 4 33,31 L1 4,27,31,L1,4,mexp.22,Estimate,0.89665548,NA,-18.00282676,NA,81,,,,
31 L1 4 34,31 L1 4,28,31,L1,4,mexp.22,Estimate,1.063820627,NA,-6.445829486,NA,84,,,,
31 L1 4 35,31 L1 4,29,31,L1,4,mexp.22,Estimate,0.227752126,NA,-16.4914273,NA,87,,,,
31 L1 4 36,31 L1 4,30,31,L1,4,mexp.22,Estimate,0.794812013,NA,-16.74609951,NA,90,,,,
31 L1 4 37,31 L1 4,31,31,L1,4,mexp.22,Estimate,1.073025309,NA,-5.140280377,NA,93,,,,
31 L1 4 38,31 L1 4,32,31,L1,4,mexp.22,Estimate,0.685530719,NA,-15.52828972,NA,96,,,,
31 L1 4 39,31 L1 4,33,31,L1,4,mexp.22,Estimate,1.041320973,NA,-4.457030155,NA,99,,,,
31 L1 4 4,31 L1 4,34,31,L1,4,mexp.22,Estimate,0.550460846,NA,-18.49476915,NA,102,,,,
31 L1 4 40,31 L1 4,35,31,L1,4,mexp.22,Estimate,0.669859335,NA,-4.581875101,NA,105,,,,
31 L1 4 41,31 L1 4,36,31,L1,4,mexp.22,Estimate,0.943003667,NA,-16.92836206,NA,108,,,,
31 L1 4 42,31 L1 4,37,31,L1,4,mexp.22,Estimate,0.870572956,NA,-4.477449515,NA,111,,,,
31 L1 4 43,31 L1 4,38,31,L1,4,mexp.22,Estimate,1.237404785,NA,-17.62466781,NA,114,,,,
31 L1 4 44,31 L1 4,39,31,L1,4,mexp.22,Estimate,1.140286463,NA,-14.74750458,NA,117,,,,
31 L1 4 45,31 L1 4,40,31,L1,4,mexp.22,Estimate,1.020397496,NA,-5.43253442,NA,120,,,,
31 L1 4 46,31 L1 4,41,31,L1,4,mexp.22,Estimate,0.78462151,NA,-4.778189513,NA,123,,,,
31 L1 4 47,31 L1 4,42,31,L1,4,mexp.22,Estimate,1.606899124,NA,-4.558006285,NA,126,,,,
31 L1 4 48,31 L1 4,43,31,L1,4,mexp.22,Estimate,0.880093582,NA,-4.761666875,NA,129,,,,
31 L1 4 49,31 L1 4,44,31,L1,4,mexp.22,Estimate,0.987122168,NA,-4.779788085,NA,132,,,,
31 L1 4 5,31 L1 4,45,31,L1,4,mexp.22,Estimate,0.854817657,NA,-5.762038673,NA,135,,,,
31 L1 4 50,31 L1 4,46,31,L1,4,mexp.22,Estimate,0.868994516,NA,-6.619562335,NA,138,,,,
31 L1 4 51,31 L1 4,47,31,L1,4,mexp.22,Estimate,1.335167938,NA,-5.127625447,NA,141,,,,
31 L1 4 52,31 L1 4,48,31,L1,4,mexp.22,Estimate,1.063240859,NA,-8.132355531,NA,144,,,,
31 L1 4 53,31 L1 4,49,31,L1,4,mexp.22,Estimate,0.884486633,NA,-9.341038667,NA,147,,,,
31 L1 4 54,31 L1 4,50,31,L1,4,mexp.22,Estimate,1.011381574,NA,-7.547790838,NA,150,,,,
31 L1 4 55,31 L1 4,51,31,L1,4,mexp.22,Estimate,1.798582713,NA,-4.221936179,NA,153,,,,
31 L1 4 56,31 L1 4,52,31,L1,4,mexp.22,Estimate,1.063782206,NA,-7.010127613,NA,156,,,,
31 L1 4 57,31 L1 4,53,31,L1,4,mexp.22,Estimate,0.880874233,NA,-6.205449438,NA,159,,,,
31 L1 4 58,31 L1 4,54,31,L1,4,mexp.22,Estimate,1.253824527,NA,-8.109046121,NA,162,,,,
31 L1 4 59,31 L1 4,55,31,L1,4,mexp.22,Estimate,0.918818461,NA,-16.77861156,NA,165,,,,
31 L1 4 6,31 L1 4,56,31,L1,4,mexp.22,Estimate,1.073656559,NA,-5.154926017,NA,168,,,,
31 L1 4 60,31 L1 4,57,31,L1,4,mexp.22,Estimate,0.732277954,NA,-21.56727086,NA,171,,,,
31 L1 4 61,31 L1 4,58,31,L1,4,mexp.22,Estimate,1.21794437,NA,-4.353157597,NA,174,,,,
31 L1 4 62,31 L1 4,59,31,L1,4,mexp.22,Estimate,1.364029851,NA,-14.91076308,NA,177,,,,
31 L1 4 63,31 L1 4,60,31,L1,4,mexp.22,Estimate,0.906084765,NA,-5.392837042,NA,180,,,,
31 L1 4 64,31 L1 4,61,31,L1,4,mexp.22,Estimate,1.174371615,NA,-18.15841418,NA,183,,,,
31 L1 4 65,31 L1 4,62,31,L1,4,mexp.22,Estimate,0.630222253,NA,-15.56849709,NA,186,,,,
31 L1 4 66,31 L1 4,63,31,L1,4,mexp.22,Estimate,0.756152801,NA,-17.53667706,NA,189,,,,
31 L1 4 67,31 L1 4,64,31,L1,4,mexp.22,Estimate,0.911142254,NA,-5.721493412,NA,192,,,,
31 L1 4 68,31 L1 4,65,31,L1,4,mexp.22,Estimate,0.697244422,NA,-6.649818339,NA,195,,,,
31 L1 4 69,31 L1 4,66,31,L1,4,mexp.22,Estimate,1.18677505,NA,-5.185903701,NA,198,,,,
31 L1 4 7,31 L1 4,67,31,L1,4,mexp.22,Estimate,0.79911603,NA,-3.742300535,NA,201,,,,
31 L1 4 70,31 L1 4,68,31,L1,4,mexp.22,Estimate,0.855708724,NA,-5.266633454,NA,204,,,,
31 L1 4 71,31 L1 4,69,31,L1,4,mexp.22,Estimate,1.05098831,NA,-5.25234833,NA,207,,,,
31 L1 4 72,31 L1 4,70,31,L1,4,mexp.22,Estimate,1.63874464,NA,-4.546313783,NA,210,,,,
31 L1 4 73,31 L1 4,71,31,L1,4,mexp.22,Estimate,1.559580401,NA,-6.085800874,NA,213,,,,
31 L1 4 74,31 L1 4,72,31,L1,4,mexp.22,Estimate,1.708471022,NA,-4.662915636,NA,216,,,,
31 L1 4 75,31 L1 4,73,31,L1,4,mexp.22,Estimate,0.933962771,NA,-7.202054178,NA,219,,,,
31 L1 4 76,31 L1 4,74,31,L1,4,mexp.22,Estimate,0.98864311,NA,-6.067637681,NA,222,,,,
31 L1 4 77,31 L1 4,75,31,L1,4,mexp.22,Estimate,1.956532728,NA,-17.01308822,NA,225,,,,
31 L1 4 78,31 L1 4,76,31,L1,4,mexp.22,Estimate,0.947999282,NA,-5.871868642,NA,228,,,,
31 L1 4 79,31 L1 4,77,31,L1,4,mexp.22,Estimate,1.200744441,NA,-8.361722137,NA,231,,,,
31 L1 4 8,31 L1 4,78,31,L1,4,mexp.22,Estimate,0.823451004,NA,-6.149246721,NA,234,,,,
31 L1 4 80,31 L1 4,79,31,L1,4,mexp.22,Estimate,1.366837606,NA,-5.270354563,NA,237,,,,
31 L1 4 81,31 L1 4,80,31,L1,4,mexp.22,Estimate,0.945112198,NA,-5.079566051,NA,240,,,,
31 L1 4 82,31 L1 4,81,31,L1,4,mexp.22,Estimate,1.164156002,NA,-7.699514775,NA,243,,,,
31 L1 4 83,31 L1 4,82,31,L1,4,mexp.22,Estimate,1.175444055,NA,-5.505216873,NA,246,,,,
31 L1 4 84,31 L1 4,83,31,L1,4,mexp.22,Estimate,1.297292946,NA,-6.94730091,NA,249,,,,
31 L1 4 9,31 L1 4,84,31,L1,4,mexp.22,Estimate,0.637751542,NA,-5.762159361,NA,252,,,,
,,,,,,,,,,,,,,,,
,,,,,,,,,,,,,,,,
,,,,,,,,,,,,,,,,
,,,,,,,,,,,,,,,,
,,,,,,,,,,,,,,,,
,,,,,,,,,,,,,,,,
,,,,,,,,,,,,,,,,
,,,,,,,,,,,,,,,,
,,,,,,,,,,,,,,,,
,,,,,,,,,,,,,,,,
,,,,,,,,,,,,,,,,
,,,,,,,,,,,,,,,,
,,,,,,,,,,,,,,,,
,,,,,,,,,,,,,,,,
,,,,,,,,,,,,,,,,
,,,,,,,,,,,,,,,,
,,,,,,,,,,,,,,,,
,,,,,,,,,,,,,,,,
,,,,,,,,,,,,,,,,
,,,,,,,,,,,,,,,,
,,,,,,,,,,,,,,,,
,,,,,,,,,,,,,,,,
,,,,,,,,,,,,,,,,
,,,,,,,,,,,,,,,,
,,,,,,,,,,,,,,,,
,,,,,,,,,,,,,,,,
,,,,,,,,,,,,,,,,
,,,,,,,,,,,,,,,,
,,,,,,,,,,,,,,,,
,,,,,,,,,,,,,,,,
,,,,,,,,,,,,,,,,
,,,,,,,,,,,,,,,,
,,,,,,,,,,,,,,,,
,,,,,,,,,,,,,,,,
,,,,,,,,,,,,,,,,
,,,,,,,,,,,,,,,,
,,,,,,,,,,,,,,,,
,,,,,,,,,,,,,,,,
,,,,,,,,,,,,,,,,
,,,,,,,,,,,,,,,,
,,,,,,,,,,,,,,,,
,,,,,,,,,,,,,,,,
,,,,,,,,,,,,,,,,
,,,,,,,,,,,,,,,,
,,,,,,,,,,,,,,,,
,,,,,,,,,,,,,,,,
,,,,,,,,,,,,,,,,
,,,,,,,,,,,,,,,,
,,,,,,,,,,,,,,,,
,,,,,,,,,,,,,,,,
,,,,,,,,,,,,,,,,
,,,,,,,,,,,,,,,,
,,,,,,,,,,,,,,,,
,,,,,,,,,,,,,,,,
,,,,,,,,,,,,,,,,
,,,,,,,,,,,,,,,,
,,,,,,,,,,,,,,,,
,,,,,,,,,,,,,,,,
,,,,,,,,,,,,,,,,
,,,,,,,,,,,,,,,,
,,,,,,,,,,,,,,,,
,,,,,,,,,,,,,,,,
,,,,,,,,,,,,,,,,
,,,,,,,,,,,,,,,,
,,,,,,,,,,,,,,,,
,,,,,,,,,,,,,,,,
,,,,,,,,,,,,,,,,
,,,,,,,,,,,,,,,,
,,,,,,,,,,,,,,,,
,,,,,,,,,,,,,,,,
,,,,,,,,,,,,,,,,
,,,,,,,,,,,,,,,,
,,,,,,,,,,,,,,,,
,,,,,,,,,,,,,,,,
,,,,,,,,,,,,,,,,
,,,,,,,,,,,,,,,,
,,,,,,,,,,,,,,,,
,,,,,,,,,,,,,,,,
,,,,,,,,,,,,,,,,
,,,,,,,,,,,,,,,,
,,,,,,,,,,,,,,,,
,,,,,,,,,,,,,,,,
,,,,,,,,,,,,,,,,
,,,,,,,,,,,,,,,,
,,,,,,,,,,,,,,,,
,,,,,,,,,,,,,,,,
,,,,,,,,,,,,,,,,
,,,,,,,,,,,,,,,,
,,,,,,,,,,,,,,,,
,,,,,,,,,,,,,,,,
,,,,,,,,,,,,,,,,
,,,,,,,,,,,,,,,,
,,,,,,,,,,,,,,,,
,,,,,,,,,,,,,,,,
,,,,,,,,,,,,,,,,
,,,,,,,,,,,,,,,,
,,,,,,,,,,,,,,,,
,,,,,,,,,,,,,,,,
,,,,,,,,,,,,,,,,
,,,,,,,,,,,,,,,,
,,,,,,,,,,,,,,,,
,,,,,,,,,,,,,,,,
,,,,,,,,,,,,,,,,
,,,,,,,,,,,,,,,,
,,,,,,,,,,,,,,,,
,,,,,,,,,,,,,,,,
,,,,,,,,,,,,,,,,
,,,,,,,,,,,,,,,,
,,,,,,,,,,,,,,,,
,,,,,,,,,,,,,,,,
,,,,,,,,,,,,,,,,
,,,,,,,,,,,,,,,,
,,,,,,,,,,,,,,,,
,,,,,,,,,,,,,,,,
,,,,,,,,,,,,,,,,
,,,,,,,,,,,,,,,,
,,,,,,,,,,,,,,,,
,,,,,,,,,,,,,,,,
,,,,,,,,,,,,,,,,
,,,,,,,,,,,,,,,,
,,,,,,,,,,,,,,,,
,,,,,,,,,,,,,,,,
,,,,,,,,,,,,,,,,
,,,,,,,,,,,,,,,,
,,,,,,,,,,,,,,,,
,,,,,,,,,,,,,,,,
,,,,,,,,,,,,,,,,
,,,,,,,,,,,,,,,,
,,,,,,,,,,,,,,,,
,,,,,,,,,,,,,,,,
,,,,,,,,,,,,,,,,
,,,,,,,,,,,,,,,,
,,,,,,,,,,,,,,,,
,,,,,,,,,,,,,,,,
,,,,,,,,,,,,,,,,
,,,,,,,,,,,,,,,,
,,,,,,,,,,,,,,,,
,,,,,,,,,,,,,,,,
,,,,,,,,,,,,,,,,
,,,,,,,,,,,,,,,,
,,,,,,,,,,,,,,,,
,,,,,,,,,,,,,,,,
,,,,,,,,,,,,,,,,
,,,,,,,,,,,,,,,,
,,,,,,,,,,,,,,,,
,,,,,,,,,,,,,,,,
,,,,,,,,,,,,,,,,
,,,,,,,,,,,,,,,,
,,,,,,,,,,,,,,,,
,,,,,,,,,,,,,,,,
,,,,,,,,,,,,,,,,
,,,,,,,,,,,,,,,,
,,,,,,,,,,,,,,,,
,,,,,,,,,,,,,,,,
,,,,,,,,,,,,,,,,
,,,,,,,,,,,,,,,,
,,,,,,,,,,,,,,,,
,,,,,,,,,,,,,,,,
,,,,,,,,,,,,,,,,
,,,,,,,,,,,,,,,,
,,,,,,,,,,,,,,,,
,,,,,,,,,,,,,,,,
,,,,,,,,,,,,,,,,
,,,,,,,,,,,,,,,,
,,,,,,,,,,,,,,,,
,,,,,,,,,,,,,,,,
,,,,,,,,,,,,,,,,
,,,,,,,,,,,,,,,,
,,,,,,,,,,,,,,,,
,,,,,,,,,,,,,,,,
,,,,,,,,,,,,,,,,
,,,,,,,,,,,,,,,,
,,,,,,,,,,,,,,,,
,,,,,,,,,,,,,,,,
,,,,,,,,,,,,,,,,
,,,,,,,,,,,,,,,,
,,,,,,,,,,,,,,,,
,,,,,,,,,,,,,,,,
,,,,,,,,,,,,,,,,
,,,,,,,,,,,,,,,,
,,,,,,,,,,,,,,,,
,,,,,,,,,,,,,,,,
,,,,,,,,,,,,,,,,
,,,,,,,,,,,,,,,,
,,,,,,,,,,,,,,,,
,,,,,,,,,,,,,,,,
,,,,,,,,,,,,,,,,
,,,,,,,,,,,,,,,,
,,,,,,,,,,,,,,,,
,,,,,,,,,,,,,,,,
,,,,,,,,,,,,,,,,
,,,,,,,,,,,,,,,,
,,,,,,,,,,,,,,,,
,,,,,,,,,,,,,,,,
,,,,,,,,,,,,,,,,
,,,,,,,,,,,,,,,,
,,,,,,,,,,,,,,,,
,,,,,,,,,,,,,,,,
,,,,,,,,,,,,,,,,
,,,,,,,,,,,,,,,,
,,,,,,,,,,,,,,,,
,,,,,,,,,,,,,,,,
,,,,,,,,,,,,,,,,
,,,,,,,,,,,,,,,,
,,,,,,,,,,,,,,,,
,,,,,,,,,,,,,,,,
,,,,,,,,,,,,,,,,
,,,,,,,,,,,,,,,,
,,,,,,,,,,,,,,,,
,,,,,,,,,,,,,,,,
,,,,,,,,,,,,,,,,
,,,,,,,,,,,,,,,,
,,,,,,,,,,,,,,,,
,,,,,,,,,,,,,,,,
,,,,,,,,,,,,,,,,
,,,,,,,,,,,,,,,,
,,,,,,,,,,,,,,,,
,,,,,,,,,,,,,,,,
,,,,,,,,,,,,,,,,
,,,,,,,,,,,,,,,,
,,,,,,,,,,,,,,,,
,,,,,,,,,,,,,,,,
,,,,,,,,,,,,,,,,
,,,,,,,,,,,,,,,,
,,,,,,,,,,,,,,,,
,,,,,,,,,,,,,,,,
,,,,,,,,,,,,,,,,
,,,,,,,,,,,,,,,,
,,,,,,,,,,,,,,,,
,,,,,,,,,,,,,,,,
,,,,,,,,,,,,,,,,
,,,,,,,,,,,,,,,,
,,,,,,,,,,,,,,,,
,,,,,,,,,,,,,,,,
,,,,,,,,,,,,,,,,
,,,,,,,,,,,,,,,,
,,,,,,,,,,,,,,,,
,,,,,,,,,,,,,,,,
,,,,,,,,,,,,,,,,
,,,,,,,,,,,,,,,,
,,,,,,,,,,,,,,,,
,,,,,,,,,,,,,,,,
,,,,,,,,,,,,,,,,
,,,,,,,,,,,,,,,,
,,,,,,,,,,,,,,,,
,,,,,,,,,,,,,,,,
,,,,,,,,,,,,,,,,
,,,,,,,,,,,,,,,,
,,,,,,,,,,,,,,,,
,,,,,,,,,,,,,,,,
,,,,,,,,,,,,,,,,
,,,,,,,,,,,,,,,,
,,,,,,,,,,,,,,,,
,,,,,,,,,,,,,,,,
,,,,,,,,,,,,,,,,
,,,,,,,,,,,,,,,,
,,,,,,,,,,,,,,,,
,,,,,,,,,,,,,,,,
,,,,,,,,,,,,,,,,
,,,,,,,,,,,,,,,,
,,,,,,,,,,,,,,,,
,,,,,,,,,,,,,,,,
,,,,,,,,,,,,,,,,
,,,,,,,,,,,,,,,,
,,,,,,,,,,,,,,,,
,,,,,,,,,,,,,,,,
,,,,,,,,,,,,,,,,
,,,,,,,,,,,,,,,,
,,,,,,,,,,,,,,,,
,,,,,,,,,,,,,,,,
,,,,,,,,,,,,,,,,
,,,,,,,,,,,,,,,,
,,,,,,,,,,,,,,,,
,,,,,,,,,,,,,,,,
,,,,,,,,,,,,,,,,
,,,,,,,,,,,,,,,,
,,,,,,,,,,,,,,,,
,,,,,,,,,,,,,,,,
,,,,,,,,,,,,,,,,
,,,,,,,,,,,,,,,,
,,,,,,,,,,,,,,,,
,,,,,,,,,,,,,,,,
,,,,,,,,,,,,,,,,
,,,,,,,,,,,,,,,,
,,,,,,,,,,,,,,,,
,,,,,,,,,,,,,,,,
,,,,,,,,,,,,,,,,
,,,,,,,,,,,,,,,,
,,,,,,,,,,,,,,,,
,,,,,,,,,,,,,,,,
,,,,,,,,,,,,,,,,
,,,,,,,,,,,,,,,,
,,,,,,,,,,,,,,,,
,,,,,,,,,,,,,,,,
,,,,,,,,,,,,,,,,
,,,,,,,,,,,,,,,,
,,,,,,,,,,,,,,,,
,,,,,,,,,,,,,,,,
,,,,,,,,,,,,,,,,
,,,,,,,,,,,,,,,,
,,,,,,,,,,,,,,,,
,,,,,,,,,,,,,,,,
,,,,,,,,,,,,,,,,
,,,,,,,,,,,,,,,,
,,,,,,,,,,,,,,,,
,,,,,,,,,,,,,,,,
,,,,,,,,,,,,,,,,
,,,,,,,,,,,,,,,,
,,,,,,,,,,,,,,,,
,,,,,,,,,,,,,,,,
,,,,,,,,,,,,,,,,
,,,,,,,,,,,,,,,,
,,,,,,,,,,,,,,,,
,,,,,,,,,,,,,,,,
,,,,,,,,,,,,,,,,
,,,,,,,,,,,,,,,,
,,,,,,,,,,,,,,,,
,,,,,,,,,,,,,,,,
,,,,,,,,,,,,,,,,
,,,,,,,,,,,,,,,,
,,,,,,,,,,,,,,,,
,,,,,,,,,,,,,,,,
,,,,,,,,,,,,,,,,
,,,,,,,,,,,,,,,,
,,,,,,,,,,,,,,,,
,,,,,,,,,,,,,,,,
,,,,,,,,,,,,,,,,
,,,,,,,,,,,,,,,,
,,,,,,,,,,,,,,,,
,,,,,,,,,,,,,,,,
,,,,,,,,,,,,,,,,
,,,,,,,,,,,,,,,,
,,,,,,,,,,,,,,,,
,,,,,,,,,,,,,,,,
,,,,,,,,,,,,,,,,
,,,,,,,,,,,,,,,,
,,,,,,,,,,,,,,,,
,,,,,,,,,,,,,,,,
,,,,,,,,,,,,,,,,
,,,,,,,,,,,,,,,,
,,,,,,,,,,,,,,,,
,,,,,,,,,,,,,,,,
,,,,,,,,,,,,,,,,
,,,,,,,,,,,,,,,,
,,,,,,,,,,,,,,,,
,,,,,,,,,,,,,,,,
,,,,,,,,,,,,,,,,
,,,,,,,,,,,,,,,,
,,,,,,,,,,,,,,,,
,,,,,,,,,,,,,,,,
,,,,,,,,,,,,,,,,
,,,,,,,,,,,,,,,,
,,,,,,,,,,,,,,,,
,,,,,,,,,,,,,,,,
,,,,,,,,,,,,,,,,
,,,,,,,,,,,,,,,,
,,,,,,,,,,,,,,,,
,,,,,,,,,,,,,,,,
,,,,,,,,,,,,,,,,
,,,,,,,,,,,,,,,,
,,,,,,,,,,,,,,,,
,,,,,,,,,,,,,,,,
,,,,,,,,,,,,,,,,
,,,,,,,,,,,,,,,,
,,,,,,,,,,,,,,,,
,,,,,,,,,,,,,,,,
,,,,,,,,,,,,,,,,
,,,,,,,,,,,,,,,,
,,,,,,,,,,,,,,,,
,,,,,,,,,,,,,,,,
,,,,,,,,,,,,,,,,
,,,,,,,,,,,,,,,,
,,,,,,,,,,,,,,,,
,,,,,,,,,,,,,,,,
,,,,,,,,,,,,,,,,
,,,,,,,,,,,,,,,,
,,,,,,,,,,,,,,,,
,,,,,,,,,,,,,,,,
,,,,,,,,,,,,,,,,
,,,,,,,,,,,,,,,,
,,,,,,,,,,,,,,,,
,,,,,,,,,,,,,,,,
,,,,,,,,,,,,,,,,
,,,,,,,,,,,,,,,,
,,,,,,,,,,,,,,,,
,,,,,,,,,,,,,,,,
,,,,,,,,,,,,,,,,
,,,,,,,,,,,,,,,,
,,,,,,,,,,,,,,,,
,,,,,,,,,,,,,,,,
,,,,,,,,,,,,,,,,
,,,,,,,,,,,,,,,,
,,,,,,,,,,,,,,,,
,,,,,,,,,,,,,,,,
,,,,,,,,,,,,,,,,
,,,,,,,,,,,,,,,,
,,,,,,,,,,,,,,,,
,,,,,,,,,,,,,,,,
,,,,,,,,,,,,,,,,
,,,,,,,,,,,,,,,,
,,,,,,,,,,,,,,,,
,,,,,,,,,,,,,,,,
,,,,,,,,,,,,,,,,
,,,,,,,,,,,,,,,,
,,,,,,,,,,,,,,,,
,,,,,,,,,,,,,,,,
,,,,,,,,,,,,,,,,
,,,,,,,,,,,,,,,,
,,,,,,,,,,,,,,,,
,,,,,,,,,,,,,,,,
,,,,,,,,,,,,,,,,
,,,,,,,,,,,,,,,,
,,,,,,,,,,,,,,,,
,,,,,,,,,,,,,,,,
,,,,,,,,,,,,,,,,
,,,,,,,,,,,,,,,,
,,,,,,,,,,,,,,,,
,,,,,,,,,,,,,,,,
,,,,,,,,,,,,,,,,
,,,,,,,,,,,,,,,,
,,,,,,,,,,,,,,,,
,,,,,,,,,,,,,,,,
,,,,,,,,,,,,,,,,
,,,,,,,,,,,,,,,,
,,,,,,,,,,,,,,,,
,,,,,,,,,,,,,,,,
,,,,,,,,,,,,,,,,
,,,,,,,,,,,,,,,,
,,,,,,,,,,,,,,,,
,,,,,,,,,,,,,,,,
,,,,,,,,,,,,,,,,
,,,,,,,,,,,,,,,,
,,,,,,,,,,,,,,,,
,,,,,,,,,,,,,,,,
,,,,,,,,,,,,,,,,
,,,,,,,,,,,,,,,,
,,,,,,,,,,,,,,,,
,,,,,,,,,,,,,,,,
,,,,,,,,,,,,,,,,
,,,,,,,,,,,,,,,,
,,,,,,,,,,,,,,,,
,,,,,,,,,,,,,,,,
,,,,,,,,,,,,,,,,
,,,,,,,,,,,,,,,,
,,,,,,,,,,,,,,,,
,,,,,,,,,,,,,,,,
,,,,,,,,,,,,,,,,
,,,,,,,,,,,,,,,,
,,,,,,,,,,,,,,,,
,,,,,,,,,,,,,,,,
,,,,,,,,,,,,,,,,
,,,,,,,,,,,,,,,,
,,,,,,,,,,,,,,,,
,,,,,,,,,,,,,,,,
,,,,,,,,,,,,,,,,
,,,,,,,,,,,,,,,,
,,,,,,,,,,,,,,,,
,,,,,,,,,,,,,,,,
,,,,,,,,,,,,,,,,
,,,,,,,,,,,,,,,,
,,,,,,,,,,,,,,,,
,,,,,,,,,,,,,,,,
,,,,,,,,,,,,,,,,
,,,,,,,,,,,,,,,,
,,,,,,,,,,,,,,,,
,,,,,,,,,,,,,,,,
,,,,,,,,,,,,,,,,
,,,,,,,,,,,,,,,,
,,,,,,,,,,,,,,,,
,,,,,,,,,,,,,,,,
,,,,,,,,,,,,,,,,
,,,,,,,,,,,,,,,,
,,,,,,,,,,,,,,,,
,,,,,,,,,,,,,,,,
,,,,,,,,,,,,,,,,
,,,,,,,,,,,,,,,,
,,,,,,,,,,,,,,,,
,,,,,,,,,,,,,,,,
,,,,,,,,,,,,,,,,
,,,,,,,,,,,,,,,,
,,,,,,,,,,,,,,,,
,,,,,,,,,,,,,,,,
,,,,,,,,,,,,,,,,
,,,,,,,,,,,,,,,,
,,,,,,,,,,,,,,,,
,,,,,,,,,,,,,,,,
,,,,,,,,,,,,,,,,
,,,,,,,,,,,,,,,,
,,,,,,,,,,,,,,,,
,,,,,,,,,,,,,,,,
,,,,,,,,,,,,,,,,
,,,,,,,,,,,,,,,,
,,,,,,,,,,,,,,,,
,,,,,,,,,,,,,,,,
,,,,,,,,,,,,,,,,
,,,,,,,,,,,,,,,,
,,,,,,,,,,,,,,,,
,,,,,,,,,,,,,,,,
,,,,,,,,,,,,,,,,
,,,,,,,,,,,,,,,,
,,,,,,,,,,,,,,,,
,,,,,,,,,,,,,,,,
,,,,,,,,,,,,,,,,
,,,,,,,,,,,,,,,,
,,,,,,,,,,,,,,,,
,,,,,,,,,,,,,,,,
,,,,,,,,,,,,,,,,
,,,,,,,,,,,,,,,,
,,,,,,,,,,,,,,,,
,,,,,,,,,,,,,,,,
,,,,,,,,,,,,,,,,
,,,,,,,,,,,,,,,,
,,,,,,,,,,,,,,,,
,,,,,,,,,,,,,,,,
,,,,,,,,,,,,,,,,
,,,,,,,,,,,,,,,,
,,,,,,,,,,,,,,,,
,,,,,,,,,,,,,,,,
,,,,,,,,,,,,,,,,
,,,,,,,,,,,,,,,,
,,,,,,,,,,,,,,,,
,,,,,,,,,,,,,,,,
,,,,,,,,,,,,,,,,
,,,,,,,,,,,,,,,,
,,,,,,,,,,,,,,,,
,,,,,,,,,,,,,,,,
,,,,,,,,,,,,,,,,
,,,,,,,,,,,,,,,,
,,,,,,,,,,,,,,,,
,,,,,,,,,,,,,,,,
,,,,,,,,,,,,,,,,
,,,,,,,,,,,,,,,,
,,,,,,,,,,,,,,,,
,,,,,,,,,,,,,,,,
,,,,,,,,,,,,,,,,
,,,,,,,,,,,,,,,,
,,,,,,,,,,,,,,,,
,,,,,,,,,,,,,,,,
,,,,,,,,,,,,,,,,
,,,,,,,,,,,,,,,,
,,,,,,,,,,,,,,,,
,,,,,,,,,,,,,,,,
,,,,,,,,,,,,,,,,
,,,,,,,,,,,,,,,,
,,,,,,,,,,,,,,,,
,,,,,,,,,,,,,,,,
,,,,,,,,,,,,,,,,
,,,,,,,,,,,,,,,,
,,,,,,,,,,,,,,,,
,,,,,,,,,,,,,,,,
,,,,,,,,,,,,,,,,
,,,,,,,,,,,,,,,,
,,,,,,,,,,,,,,,,
,,,,,,,,,,,,,,,,
,,,,,,,,,,,,,,,,
,,,,,,,,,,,,,,,,
,,,,,,,,,,,,,,,,
,,,,,,,,,,,,,,,,
,,,,,,,,,,,,,,,,
,,,,,,,,,,,,,,,,
,,,,,,,,,,,,,,,,
,,,,,,,,,,,,,,,,
,,,,,,,,,,,,,,,,
,,,,,,,,,,,,,,,,
,,,,,,,,,,,,,,,,
,,,,,,,,,,,,,,,,
,,,,,,,,,,,,,,,,
,,,,,,,,,,,,,,,,
,,,,,,,,,,,,,,,,
,,,,,,,,,,,,,,,,
,,,,,,,,,,,,,,,,
,,,,,,,,,,,,,,,,
,,,,,,,,,,,,,,,,
,,,,,,,,,,,,,,,,
,,,,,,,,,,,,,,,,
,,,,,,,,,,,,,,,,
,,,,,,,,,,,,,,,,
,,,,,,,,,,,,,,,,
,,,,,,,,,,,,,,,,
,,,,,,,,,,,,,,,,
,,,,,,,,,,,,,,,,
,,,,,,,,,,,,,,,,
,,,,,,,,,,,,,,,,
,,,,,,,,,,,,,,,,
,,,,,,,,,,,,,,,,
,,,,,,,,,,,,,,,,
,,,,,,,,,,,,,,,,
,,,,,,,,,,,,,,,,
,,,,,,,,,,,,,,,,
,,,,,,,,,,,,,,,,
,,,,,,,,,,,,,,,,
,,,,,,,,,,,,,,,,
,,,,,,,,,,,,,,,,
,,,,,,,,,,,,,,,,
,,,,,,,,,,,,,,,,
,,,,,,,,,,,,,,,,
,,,,,,,,,,,,,,,,
,,,,,,,,,,,,,,,,
,,,,,,,,,,,,,,,,
,,,,,,,,,,,,,,,,
,,,,,,,,,,,,,,,,
,,,,,,,,,,,,,,,,
,,,,,,,,,,,,,,,,
,,,,,,,,,,,,,,,,
,,,,,,,,,,,,,,,,
,,,,,,,,,,,,,,,,
,,,,,,,,,,,,,,,,
,,,,,,,,,,,,,,,,
,,,,,,,,,,,,,,,,
,,,,,,,,,,,,,,,,
,,,,,,,,,,,,,,,,
,,,,,,,,,,,,,,,,
,,,,,,,,,,,,,,,,
,,,,,,,,,,,,,,,,
,,,,,,,,,,,,,,,,
,,,,,,,,,,,,,,,,
,,,,,,,,,,,,,,,,
,,,,,,,,,,,,,,,,
,,,,,,,,,,,,,,,,
,,,,,,,,,,,,,,,,
,,,,,,,,,,,,,,,,
,,,,,,,,,,,,,,,,
,,,,,,,,,,,,,,,,
,,,,,,,,,,,,,,,,
,,,,,,,,,,,,,,,,
,,,,,,,,,,,,,,,,
,,,,,,,,,,,,,,,,
,,,,,,,,,,,,,,,,
,,,,,,,,,,,,,,,,
,,,,,,,,,,,,,,,,
,,,,,,,,,,,,,,,,
,,,,,,,,,,,,,,,,
,,,,,,,,,,,,,,,,
,,,,,,,,,,,,,,,,
,,,,,,,,,,,,,,,,
,,,,,,,,,,,,,,,,
,,,,,,,,,,,,,,,,
,,,,,,,,,,,,,,,,
,,,,,,,,,,,,,,,,
,,,,,,,,,,,,,,,,
,,,,,,,,,,,,,,,,
,,,,,,,,,,,,,,,,